Summary,Issue key,Issue id,Issue Type,Status,Project key,Project name,Project type,Project lead,Project lead id,Project description,Project url,Priority,Resolution,Assignee,Assignee Id,Reporter,Reporter Id,Creator,Creator Id,Created,Updated,Last Viewed,Resolved,Due date,Votes,Description,Environment,Watchers,Watchers Id,Log Work,Original estimate,Remaining Estimate,Time Spent,Work Ratio,Σ Original Estimate,Σ Remaining Estimate,Σ Time Spent,Security Level,Inward issue link (Blocks),Inward issue link (Blocks),Inward issue link (Blocks),Inward issue link (Blocks),Inward issue link (Relates),Inward issue link (Relates),Inward issue link (Relates),Inward issue link (Relates),Inward issue link (Relates),Inward issue link (Relates),Inward issue link (Relates),Inward issue link (Relates),Outward issue link (Relates),Outward issue link (Relates),Outward issue link (Relates),Attachment,Custom field (Actual Result),Custom field (Actual end),Custom field (Actual start),Custom field (Category),Custom field (Change reason),Custom field (Change risk),Custom field (Change type),Custom field (Department),Custom field (Department),Custom field (Development),Custom field (Epic Color),Custom field (Epic Link),Epic Link Summary,Custom field (Epic Name),Custom field (Epic Status),Custom field (Expected Result),Custom field (Impact),Custom field (Issue color),Custom field (Locked forms),Custom field (Open forms),Custom field (Rank),Custom field (Reason),Custom field (Request Type),Custom field (Score),Custom field (Sentiment),Sprint,Custom field (Start date),Custom field (Story Points),Custom field (Story point estimate),Custom field (Submitted forms),Custom field (Target end),Custom field (Target start),Custom field (Team),Custom field (Test Level),Custom field (Test Steps),Custom field (Testcase Result),Custom field (Total forms),Custom field (Vulnerability),Custom field ([CHART] Date of First Response),Custom field ([CHART] Time in Status),Parent,Parent summary,Status Category,Status Category Changed
Shopping Cart & Checkout,MS-104,10398,Epic,To Do,MS,N5_JS1802,software,Pham Anh Dung (K18 HCM),712020:50a9dbea-7d83-4168-a51f-d8d9f5b04bf9,,,Medium,,,,Pham Anh Dung (K18 HCM),712020:50a9dbea-7d83-4168-a51f-d8d9f5b04bf9,Pham Anh Dung (K18 HCM),712020:50a9dbea-7d83-4168-a51f-d8d9f5b04bf9,14/Jun/24 6:44 PM,14/Jun/24 7:43 PM,17/Jul/24 8:05 AM,,,0,,,Pham Anh Dung (K18 HCM),712020:50a9dbea-7d83-4168-a51f-d8d9f5b04bf9,,,,,,,,,,,,,,,,,,,,,,,,,,,,,,,,,,,{},ghx-label-7,,,Shopping Cart & Checkout,To Do,,,purple,,,0|i002bz:,,,,,,,,,,,,,,,,,,,,,,To Do,14/Jun/24 6:44 PM
Promotion Management,MS-103,10397,Epic,To Do,MS,N5_JS1802,software,Pham Anh Dung (K18 HCM),712020:50a9dbea-7d83-4168-a51f-d8d9f5b04bf9,,,Medium,,,,Pham Anh Dung (K18 HCM),712020:50a9dbea-7d83-4168-a51f-d8d9f5b04bf9,Pham Anh Dung (K18 HCM),712020:50a9dbea-7d83-4168-a51f-d8d9f5b04bf9,14/Jun/24 6:44 PM,14/Jun/24 7:47 PM,17/Jul/24 8:05 AM,,,0,,,Pham Anh Dung (K18 HCM),712020:50a9dbea-7d83-4168-a51f-d8d9f5b04bf9,,,,,,,,,,,,,,,,,,,,,,,,,,,,,,,,,,,{},ghx-label-7,,,Promotion Management,To Do,,,purple,,,0|i002br:,,,,,,,,,,,,,,,,,,,,,,To Do,14/Jun/24 6:44 PM
Content,MS-102,10396,Epic,To Do,MS,N5_JS1802,software,Pham Anh Dung (K18 HCM),712020:50a9dbea-7d83-4168-a51f-d8d9f5b04bf9,,,Medium,,,,Pham Anh Dung (K18 HCM),712020:50a9dbea-7d83-4168-a51f-d8d9f5b04bf9,Pham Anh Dung (K18 HCM),712020:50a9dbea-7d83-4168-a51f-d8d9f5b04bf9,14/Jun/24 6:44 PM,14/Jun/24 7:48 PM,17/Jul/24 8:05 AM,,,0,,,Pham Anh Dung (K18 HCM),712020:50a9dbea-7d83-4168-a51f-d8d9f5b04bf9,,,,,,,,,,,,,,,,,,,,,,,,,,,,,,,,,,,{},ghx-label-7,,,Content Management,To Do,,,purple,,,0|i002bj:,,,,,,,,,,,,,,,,,,,,,,To Do,14/Jun/24 6:44 PM
Product,MS-101,10395,Epic,To Do,MS,N5_JS1802,software,Pham Anh Dung (K18 HCM),712020:50a9dbea-7d83-4168-a51f-d8d9f5b04bf9,,,Medium,,,,Pham Anh Dung (K18 HCM),712020:50a9dbea-7d83-4168-a51f-d8d9f5b04bf9,Pham Anh Dung (K18 HCM),712020:50a9dbea-7d83-4168-a51f-d8d9f5b04bf9,14/Jun/24 6:44 PM,14/Jun/24 7:45 PM,17/Jul/24 8:05 AM,,,0,,,Pham Anh Dung (K18 HCM),712020:50a9dbea-7d83-4168-a51f-d8d9f5b04bf9,,,,,,,,,,,,,,,,,,,,,,,,,,,,,,,,,,,{},ghx-label-7,,,Product Management,To Do,,,purple,,,0|i002bb:,,,,,,,,,,,,,,,,,,,,,,To Do,14/Jun/24 6:44 PM
Order,MS-100,10394,Epic,To Do,MS,N5_JS1802,software,Pham Anh Dung (K18 HCM),712020:50a9dbea-7d83-4168-a51f-d8d9f5b04bf9,,,Medium,,,,Pham Anh Dung (K18 HCM),712020:50a9dbea-7d83-4168-a51f-d8d9f5b04bf9,Pham Anh Dung (K18 HCM),712020:50a9dbea-7d83-4168-a51f-d8d9f5b04bf9,14/Jun/24 6:44 PM,14/Jun/24 7:48 PM,16/Jul/24 12:25 PM,,,0,,,Pham Anh Dung (K18 HCM),712020:50a9dbea-7d83-4168-a51f-d8d9f5b04bf9,,,,,,,,,,,,,,,,,,,,,,,,,,,,,,,,,,,{},ghx-label-7,,,Order Management,To Do,,,purple,,,0|i002b3:,,,,,,,,,,,,,,,,,,,,,,To Do,14/Jun/24 6:44 PM
Shop Information Management,MS-99,10393,Epic,To Do,MS,N5_JS1802,software,Pham Anh Dung (K18 HCM),712020:50a9dbea-7d83-4168-a51f-d8d9f5b04bf9,,,Medium,,,,Pham Anh Dung (K18 HCM),712020:50a9dbea-7d83-4168-a51f-d8d9f5b04bf9,Pham Anh Dung (K18 HCM),712020:50a9dbea-7d83-4168-a51f-d8d9f5b04bf9,14/Jun/24 6:44 PM,14/Jun/24 7:40 PM,17/Jul/24 8:05 AM,,,0,,,Pham Anh Dung (K18 HCM),712020:50a9dbea-7d83-4168-a51f-d8d9f5b04bf9,,,,,,,,,,,,,,,,,,,,,,,,,,,,,,,,,,,{},ghx-label-7,,,Shop Information Management,To Do,,,purple,,,0|i002av:,,,,,,,,,,,,,,,,,,,,,,To Do,14/Jun/24 6:44 PM
Personal Account,MS-98,10392,Epic,To Do,MS,N5_JS1802,software,Pham Anh Dung (K18 HCM),712020:50a9dbea-7d83-4168-a51f-d8d9f5b04bf9,,,Medium,,,,Pham Anh Dung (K18 HCM),712020:50a9dbea-7d83-4168-a51f-d8d9f5b04bf9,Pham Anh Dung (K18 HCM),712020:50a9dbea-7d83-4168-a51f-d8d9f5b04bf9,14/Jun/24 6:44 PM,14/Jun/24 7:47 PM,17/Jul/24 8:05 AM,,,0,,,Pham Anh Dung (K18 HCM),712020:50a9dbea-7d83-4168-a51f-d8d9f5b04bf9,,,,,,,,,,,,,,,,,,,,,,,,,,,,,,,,,,,{},ghx-label-7,,,Personal Account,To Do,,,purple,,,0|i002an:,,,,,,,,,,,,,,,,,,,,,,To Do,14/Jun/24 6:44 PM
Customer Searching (Staff),MS-97,10290,Task,To Do,MS,N5_JS1802,software,Pham Anh Dung (K18 HCM),712020:50a9dbea-7d83-4168-a51f-d8d9f5b04bf9,,,Medium,,,,Pham Anh Dung (K18 HCM),712020:50a9dbea-7d83-4168-a51f-d8d9f5b04bf9,Pham Anh Dung (K18 HCM),712020:50a9dbea-7d83-4168-a51f-d8d9f5b04bf9,22/May/24 10:58 PM,22/May/24 10:58 PM,17/Jul/24 8:05 AM,,,0,,,Pham Anh Dung (K18 HCM),712020:50a9dbea-7d83-4168-a51f-d8d9f5b04bf9,,,,,,,,,,,,,,,,,,,,,,,,,,,,,,,,,,,{},,,,,,,,,,,0|i001of:,,,,,,,,,,,,,,,,,,,,,,To Do,22/May/24 10:58 PM
Order Details (Seller),MS-96,10289,Task,To Do,MS,N5_JS1802,software,Pham Anh Dung (K18 HCM),712020:50a9dbea-7d83-4168-a51f-d8d9f5b04bf9,,,Medium,,Nguyen Dinh Bao (K18 HCM),712020:e2cb4528-d837-4b51-81a2-d8e57a3b4c48,Pham Anh Dung (K18 HCM),712020:50a9dbea-7d83-4168-a51f-d8d9f5b04bf9,Pham Anh Dung (K18 HCM),712020:50a9dbea-7d83-4168-a51f-d8d9f5b04bf9,22/May/24 10:58 PM,14/Jun/24 7:57 PM,17/Jul/24 8:05 AM,,,0,,,Pham Anh Dung (K18 HCM),712020:50a9dbea-7d83-4168-a51f-d8d9f5b04bf9,,,,,,,,,,,,,,,,,,,,,,,,,,,,,,,,,,,{},,MS-64,"Implement and design UI, screens for basic flow (frontend)",,,,,,,,0|i001ji:zzzzzy,,,,,,,,,,,,,,,,,,,,10098,"Implement and design UI, screens for basic flow (frontend)",To Do,22/May/24 10:58 PM
Order List (Seller),MS-95,10288,Task,To Do,MS,N5_JS1802,software,Pham Anh Dung (K18 HCM),712020:50a9dbea-7d83-4168-a51f-d8d9f5b04bf9,,,Medium,,Nguyen Dinh Bao (K18 HCM),712020:e2cb4528-d837-4b51-81a2-d8e57a3b4c48,Pham Anh Dung (K18 HCM),712020:50a9dbea-7d83-4168-a51f-d8d9f5b04bf9,Pham Anh Dung (K18 HCM),712020:50a9dbea-7d83-4168-a51f-d8d9f5b04bf9,22/May/24 10:58 PM,14/Jun/24 7:57 PM,17/Jul/24 8:05 AM,,,0,,,Pham Anh Dung (K18 HCM),712020:50a9dbea-7d83-4168-a51f-d8d9f5b04bf9,,,,,,,,,,,,,,,,,,,,,,,,,,,,,,,,,,,{},,MS-64,"Implement and design UI, screens for basic flow (frontend)",,,,,,,,0|i001ji:zzzzzx,,,,,,,,,,,,,,,,,,,,10098,"Implement and design UI, screens for basic flow (frontend)",To Do,22/May/24 10:58 PM
Voucher Details Screen (Manager),MS-94,10287,Task,To Do,MS,N5_JS1802,software,Pham Anh Dung (K18 HCM),712020:50a9dbea-7d83-4168-a51f-d8d9f5b04bf9,,,Medium,,,,Pham Anh Dung (K18 HCM),712020:50a9dbea-7d83-4168-a51f-d8d9f5b04bf9,Pham Anh Dung (K18 HCM),712020:50a9dbea-7d83-4168-a51f-d8d9f5b04bf9,22/May/24 10:57 PM,22/May/24 10:57 PM,17/Jul/24 8:05 AM,,,0,,,Pham Anh Dung (K18 HCM),712020:50a9dbea-7d83-4168-a51f-d8d9f5b04bf9,,,,,,,,,,,,,,,,,,,,,,,,,,,,,,,,,,,{},,,,,,,,,,,0|i001nr:,,,,,,,,,,,,,,,,,,,,,,To Do,22/May/24 10:57 PM
Voucher List (Manager),MS-93,10286,Task,To Do,MS,N5_JS1802,software,Pham Anh Dung (K18 HCM),712020:50a9dbea-7d83-4168-a51f-d8d9f5b04bf9,,,Medium,,,,Pham Anh Dung (K18 HCM),712020:50a9dbea-7d83-4168-a51f-d8d9f5b04bf9,Pham Anh Dung (K18 HCM),712020:50a9dbea-7d83-4168-a51f-d8d9f5b04bf9,22/May/24 10:57 PM,22/May/24 10:57 PM,17/Jul/24 8:05 AM,,,0,,,Pham Anh Dung (K18 HCM),712020:50a9dbea-7d83-4168-a51f-d8d9f5b04bf9,,,,,,,,,,,,,,,,,,,,,,,,,,,,,,,,,,,{},,,,,,,,,,,0|i001nj:,,,,,,,,,,,,,,,,,,,,,,To Do,22/May/24 10:57 PM
Product Detail Screen (Product Staff),MS-92,10285,Task,To Do,MS,N5_JS1802,software,Pham Anh Dung (K18 HCM),712020:50a9dbea-7d83-4168-a51f-d8d9f5b04bf9,,,Medium,,Nguyen Dinh Bao (K18 HCM),712020:e2cb4528-d837-4b51-81a2-d8e57a3b4c48,Pham Anh Dung (K18 HCM),712020:50a9dbea-7d83-4168-a51f-d8d9f5b04bf9,Pham Anh Dung (K18 HCM),712020:50a9dbea-7d83-4168-a51f-d8d9f5b04bf9,22/May/24 10:56 PM,14/Jun/24 7:57 PM,17/Jul/24 8:05 AM,,,0,,,Pham Anh Dung (K18 HCM),712020:50a9dbea-7d83-4168-a51f-d8d9f5b04bf9,,,,,,,,,,,,,,,,,,,,,,,,,,,,,,,,,,,{},,MS-64,"Implement and design UI, screens for basic flow (frontend)",,,,,,,,0|i001ji:zzzzzv,,,,,,,,,,,,,,,,,,,,10098,"Implement and design UI, screens for basic flow (frontend)",To Do,22/May/24 10:56 PM
Product List (Product Staff),MS-91,10284,Task,To Do,MS,N5_JS1802,software,Pham Anh Dung (K18 HCM),712020:50a9dbea-7d83-4168-a51f-d8d9f5b04bf9,,,Medium,,Nguyen Dinh Bao (K18 HCM),712020:e2cb4528-d837-4b51-81a2-d8e57a3b4c48,Pham Anh Dung (K18 HCM),712020:50a9dbea-7d83-4168-a51f-d8d9f5b04bf9,Pham Anh Dung (K18 HCM),712020:50a9dbea-7d83-4168-a51f-d8d9f5b04bf9,22/May/24 10:56 PM,14/Jun/24 7:57 PM,17/Jul/24 8:05 AM,,,0,,,Pham Anh Dung (K18 HCM),712020:50a9dbea-7d83-4168-a51f-d8d9f5b04bf9,,,,,,,,,,,,,,,,,,,,,,,,,,,,,,,,,,,{},,MS-64,"Implement and design UI, screens for basic flow (frontend)",,,,,,,,0|i001ji:zzzzzr,,,,,,,,,,,,,,,,,,,,10098,"Implement and design UI, screens for basic flow (frontend)",To Do,22/May/24 10:56 PM
"Post Detail Screen (Post Staff, with buttons to manipulate post)",MS-90,10283,Task,To Do,MS,N5_JS1802,software,Pham Anh Dung (K18 HCM),712020:50a9dbea-7d83-4168-a51f-d8d9f5b04bf9,,,Medium,,Nguyen Dinh Bao (K18 HCM),712020:e2cb4528-d837-4b51-81a2-d8e57a3b4c48,Pham Anh Dung (K18 HCM),712020:50a9dbea-7d83-4168-a51f-d8d9f5b04bf9,Pham Anh Dung (K18 HCM),712020:50a9dbea-7d83-4168-a51f-d8d9f5b04bf9,22/May/24 10:56 PM,14/Jun/24 7:57 PM,17/Jul/24 8:05 AM,,,0,,,Pham Anh Dung (K18 HCM),712020:50a9dbea-7d83-4168-a51f-d8d9f5b04bf9,,,,,,,,,,,,,,,,,,,,,,,,,,,,,,,,,,,{},,MS-64,"Implement and design UI, screens for basic flow (frontend)",,,,,,,,0|i001ji:zzzzzi,,,,,,,,,,,,,,,,,,,,10098,"Implement and design UI, screens for basic flow (frontend)",To Do,22/May/24 10:56 PM
Post List Screen (Post Staff),MS-89,10282,Task,To Do,MS,N5_JS1802,software,Pham Anh Dung (K18 HCM),712020:50a9dbea-7d83-4168-a51f-d8d9f5b04bf9,,,Medium,,Nguyen Dinh Bao (K18 HCM),712020:e2cb4528-d837-4b51-81a2-d8e57a3b4c48,Pham Anh Dung (K18 HCM),712020:50a9dbea-7d83-4168-a51f-d8d9f5b04bf9,Pham Anh Dung (K18 HCM),712020:50a9dbea-7d83-4168-a51f-d8d9f5b04bf9,22/May/24 10:54 PM,14/Jun/24 7:57 PM,17/Jul/24 8:05 AM,,,0,,,Pham Anh Dung (K18 HCM),712020:50a9dbea-7d83-4168-a51f-d8d9f5b04bf9,,,,,,,,,,,,,,,,,,,,,,,,,,,,,,,,,,,{},,MS-64,"Implement and design UI, screens for basic flow (frontend)",,,,,,,,0|i001ji:zzzzz,,,,,,,,,,,,,,,,,,,,10098,"Implement and design UI, screens for basic flow (frontend)",To Do,22/May/24 10:54 PM
Shop's Information Management Screen (Admin),MS-88,10281,Task,To Do,MS,N5_JS1802,software,Pham Anh Dung (K18 HCM),712020:50a9dbea-7d83-4168-a51f-d8d9f5b04bf9,,,Medium,,Nguyen Dinh Bao (K18 HCM),712020:e2cb4528-d837-4b51-81a2-d8e57a3b4c48,Pham Anh Dung (K18 HCM),712020:50a9dbea-7d83-4168-a51f-d8d9f5b04bf9,Pham Anh Dung (K18 HCM),712020:50a9dbea-7d83-4168-a51f-d8d9f5b04bf9,22/May/24 10:52 PM,14/Jun/24 7:57 PM,17/Jul/24 8:05 AM,,,0,,,Pham Anh Dung (K18 HCM),712020:50a9dbea-7d83-4168-a51f-d8d9f5b04bf9,,,,,,,,,,,,,,,,,,,,,,,,,,,,,,,,,,,{},,MS-64,"Implement and design UI, screens for basic flow (frontend)",,,,,,,,0|i001ji:zzzzy,,,,,,,,,,,,,,,,,,,,10098,"Implement and design UI, screens for basic flow (frontend)",To Do,22/May/24 10:52 PM
Create Staff Account Screen (Admin),MS-87,10280,Task,To Do,MS,N5_JS1802,software,Pham Anh Dung (K18 HCM),712020:50a9dbea-7d83-4168-a51f-d8d9f5b04bf9,,,Medium,,Nguyen Dinh Bao (K18 HCM),712020:e2cb4528-d837-4b51-81a2-d8e57a3b4c48,Pham Anh Dung (K18 HCM),712020:50a9dbea-7d83-4168-a51f-d8d9f5b04bf9,Pham Anh Dung (K18 HCM),712020:50a9dbea-7d83-4168-a51f-d8d9f5b04bf9,22/May/24 10:52 PM,14/Jun/24 7:57 PM,17/Jul/24 8:05 AM,,,0,,,Pham Anh Dung (K18 HCM),712020:50a9dbea-7d83-4168-a51f-d8d9f5b04bf9,,,,,,,,,,,,,,,,,,,,,,,,,,,,,,,,,,,{},,MS-64,"Implement and design UI, screens for basic flow (frontend)",,,,,,,,0|i001ji:zzzzv,,,,,,,,,,,,,,,,,,,,10098,"Implement and design UI, screens for basic flow (frontend)",To Do,22/May/24 10:52 PM
Dashboard Screen (Admin),MS-86,10279,Task,To Do,MS,N5_JS1802,software,Pham Anh Dung (K18 HCM),712020:50a9dbea-7d83-4168-a51f-d8d9f5b04bf9,,,Medium,,Nguyen Dinh Bao (K18 HCM),712020:e2cb4528-d837-4b51-81a2-d8e57a3b4c48,Pham Anh Dung (K18 HCM),712020:50a9dbea-7d83-4168-a51f-d8d9f5b04bf9,Pham Anh Dung (K18 HCM),712020:50a9dbea-7d83-4168-a51f-d8d9f5b04bf9,22/May/24 10:52 PM,14/Jun/24 7:57 PM,17/Jul/24 8:05 AM,,,0,,,Pham Anh Dung (K18 HCM),712020:50a9dbea-7d83-4168-a51f-d8d9f5b04bf9,,,,,,,,,,,,,,,,,,,,,,,,,,,,,,,,,,,{},,MS-64,"Implement and design UI, screens for basic flow (frontend)",,,,,,,,0|i001ji:zzzzx,,,,,,,,,,,,,,,,,,,,10098,"Implement and design UI, screens for basic flow (frontend)",To Do,22/May/24 10:52 PM
Staff Details Screen (Admin),MS-85,10278,Task,To Do,MS,N5_JS1802,software,Pham Anh Dung (K18 HCM),712020:50a9dbea-7d83-4168-a51f-d8d9f5b04bf9,,,Medium,,Nguyen Dinh Bao (K18 HCM),712020:e2cb4528-d837-4b51-81a2-d8e57a3b4c48,Pham Anh Dung (K18 HCM),712020:50a9dbea-7d83-4168-a51f-d8d9f5b04bf9,Pham Anh Dung (K18 HCM),712020:50a9dbea-7d83-4168-a51f-d8d9f5b04bf9,22/May/24 10:51 PM,14/Jun/24 7:57 PM,17/Jul/24 8:05 AM,,,0,,,Pham Anh Dung (K18 HCM),712020:50a9dbea-7d83-4168-a51f-d8d9f5b04bf9,,,,,,,,,,,,,,,,,,,,,,,,,,,,,,,,,,,{},,MS-64,"Implement and design UI, screens for basic flow (frontend)",,,,,,,,0|i001ji:zzzzr,,,,,,,,,,,,,,,,,,,,10098,"Implement and design UI, screens for basic flow (frontend)",To Do,22/May/24 10:51 PM
Staff Account List (Admin),MS-84,10277,Task,To Do,MS,N5_JS1802,software,Pham Anh Dung (K18 HCM),712020:50a9dbea-7d83-4168-a51f-d8d9f5b04bf9,,,Medium,,Nguyen Dinh Bao (K18 HCM),712020:e2cb4528-d837-4b51-81a2-d8e57a3b4c48,Pham Anh Dung (K18 HCM),712020:50a9dbea-7d83-4168-a51f-d8d9f5b04bf9,Pham Anh Dung (K18 HCM),712020:50a9dbea-7d83-4168-a51f-d8d9f5b04bf9,22/May/24 10:51 PM,14/Jun/24 7:57 PM,17/Jul/24 8:05 AM,,,0,,,Pham Anh Dung (K18 HCM),712020:50a9dbea-7d83-4168-a51f-d8d9f5b04bf9,,,,,,,,,,,,,,,,,,,,,,,,,,,,,,,,,,,{},,MS-64,"Implement and design UI, screens for basic flow (frontend)",,,,,,,,0|i001ji:zzzzi,,,,,,,,,,,,,,,,,,,,10098,"Implement and design UI, screens for basic flow (frontend)",To Do,22/May/24 10:51 PM
Customer Details Screen (Admin),MS-83,10276,Task,To Do,MS,N5_JS1802,software,Pham Anh Dung (K18 HCM),712020:50a9dbea-7d83-4168-a51f-d8d9f5b04bf9,,,Medium,,Nguyen Dinh Bao (K18 HCM),712020:e2cb4528-d837-4b51-81a2-d8e57a3b4c48,Pham Anh Dung (K18 HCM),712020:50a9dbea-7d83-4168-a51f-d8d9f5b04bf9,Pham Anh Dung (K18 HCM),712020:50a9dbea-7d83-4168-a51f-d8d9f5b04bf9,22/May/24 10:51 PM,14/Jun/24 7:57 PM,17/Jul/24 8:05 AM,,,0,,,Pham Anh Dung (K18 HCM),712020:50a9dbea-7d83-4168-a51f-d8d9f5b04bf9,,,,,,,,,,,,,,,,,,,,,,,,,,,,,,,,,,,{},,MS-64,"Implement and design UI, screens for basic flow (frontend)",,,,,,,,0|i001ji:zzzz,,,,,,,,,,,,,,,,,,,,10098,"Implement and design UI, screens for basic flow (frontend)",To Do,22/May/24 10:51 PM
Customer Account List (Admin),MS-82,10275,Task,To Do,MS,N5_JS1802,software,Pham Anh Dung (K18 HCM),712020:50a9dbea-7d83-4168-a51f-d8d9f5b04bf9,,,Medium,,Nguyen Dinh Bao (K18 HCM),712020:e2cb4528-d837-4b51-81a2-d8e57a3b4c48,Pham Anh Dung (K18 HCM),712020:50a9dbea-7d83-4168-a51f-d8d9f5b04bf9,Pham Anh Dung (K18 HCM),712020:50a9dbea-7d83-4168-a51f-d8d9f5b04bf9,22/May/24 10:51 PM,14/Jun/24 7:57 PM,17/Jul/24 8:05 AM,,,0,,,Pham Anh Dung (K18 HCM),712020:50a9dbea-7d83-4168-a51f-d8d9f5b04bf9,,,,,,,,,,,,,,,,,,,,,,,,,,,,,,,,,,,{},,MS-64,"Implement and design UI, screens for basic flow (frontend)",,,,,,,,0|i001ji:zzzy,,,,,,,,,,,,,,,,,,,,10098,"Implement and design UI, screens for basic flow (frontend)",To Do,22/May/24 10:51 PM
"Post Detail Screen (Member, Guest)",MS-81,10274,Task,To Do,MS,N5_JS1802,software,Pham Anh Dung (K18 HCM),712020:50a9dbea-7d83-4168-a51f-d8d9f5b04bf9,,,Medium,,Nguyen Dinh Bao (K18 HCM),712020:e2cb4528-d837-4b51-81a2-d8e57a3b4c48,Pham Anh Dung (K18 HCM),712020:50a9dbea-7d83-4168-a51f-d8d9f5b04bf9,Pham Anh Dung (K18 HCM),712020:50a9dbea-7d83-4168-a51f-d8d9f5b04bf9,22/May/24 10:51 PM,14/Jun/24 7:57 PM,17/Jul/24 8:05 AM,,,0,,,Pham Anh Dung (K18 HCM),712020:50a9dbea-7d83-4168-a51f-d8d9f5b04bf9,,,,,,,,,,,,,,,,,,,,,,,,,,,,,,,,,,,{},,MS-64,"Implement and design UI, screens for basic flow (frontend)",,,,,,,,0|i001ji:zzzx,,,,,,,,,,,,,,,,,,,,10098,"Implement and design UI, screens for basic flow (frontend)",To Do,22/May/24 10:51 PM
"Post List Screen (Member, Guest)",MS-80,10273,Task,To Do,MS,N5_JS1802,software,Pham Anh Dung (K18 HCM),712020:50a9dbea-7d83-4168-a51f-d8d9f5b04bf9,,,Medium,,Nguyen Dinh Bao (K18 HCM),712020:e2cb4528-d837-4b51-81a2-d8e57a3b4c48,Pham Anh Dung (K18 HCM),712020:50a9dbea-7d83-4168-a51f-d8d9f5b04bf9,Pham Anh Dung (K18 HCM),712020:50a9dbea-7d83-4168-a51f-d8d9f5b04bf9,22/May/24 10:50 PM,16/Jun/24 1:00 PM,17/Jul/24 8:05 AM,,,0,,,Pham Anh Dung (K18 HCM),712020:50a9dbea-7d83-4168-a51f-d8d9f5b04bf9,,,,,,,,,,,,,,,,,,,,,,,,,,,,,,,,,,,{},,MS-64,"Implement and design UI, screens for basic flow (frontend)",,,,,,,,0|i000au:zzzzzzzzyzr,,,,,Sprint 1,,,,,,,,,,,,,,,10098,"Implement and design UI, screens for basic flow (frontend)",To Do,22/May/24 10:50 PM
Manage Account Information Screen (General),MS-79,10272,Task,To Do,MS,N5_JS1802,software,Pham Anh Dung (K18 HCM),712020:50a9dbea-7d83-4168-a51f-d8d9f5b04bf9,,,Medium,,Nguyen Dinh Bao (K18 HCM),712020:e2cb4528-d837-4b51-81a2-d8e57a3b4c48,Pham Anh Dung (K18 HCM),712020:50a9dbea-7d83-4168-a51f-d8d9f5b04bf9,Pham Anh Dung (K18 HCM),712020:50a9dbea-7d83-4168-a51f-d8d9f5b04bf9,22/May/24 9:35 PM,14/Jun/24 7:57 PM,17/Jul/24 8:05 AM,,,0,,,Pham Anh Dung (K18 HCM),712020:50a9dbea-7d83-4168-a51f-d8d9f5b04bf9,,,,,,,,,,,,,,,,,,,,,,,,,,,,,,,,,,,{},,MS-64,"Implement and design UI, screens for basic flow (frontend)",,,,,,,,0|i001ji:zzzr,,,,,,,,,,,,,,,,,,,,10098,"Implement and design UI, screens for basic flow (frontend)",To Do,22/May/24 9:35 PM
Membership Information Screen (Member),MS-78,10271,Task,To Do,MS,N5_JS1802,software,Pham Anh Dung (K18 HCM),712020:50a9dbea-7d83-4168-a51f-d8d9f5b04bf9,,,Medium,,,,Pham Anh Dung (K18 HCM),712020:50a9dbea-7d83-4168-a51f-d8d9f5b04bf9,Pham Anh Dung (K18 HCM),712020:50a9dbea-7d83-4168-a51f-d8d9f5b04bf9,22/May/24 9:35 PM,22/May/24 10:49 PM,17/Jul/24 8:05 AM,,,0,,,Pham Anh Dung (K18 HCM),712020:50a9dbea-7d83-4168-a51f-d8d9f5b04bf9,,,,,,,,,,,,,,,,,,,,,,,,,,,,,,,,,,,{},,,,,,,,,,,0|i001k7:,,,,,,,,,,,,,,,,,,,,,,To Do,22/May/24 9:35 PM
Order Details Screen (Member),MS-77,10270,Task,To Do,MS,N5_JS1802,software,Pham Anh Dung (K18 HCM),712020:50a9dbea-7d83-4168-a51f-d8d9f5b04bf9,,,Medium,,Nguyen Dinh Bao (K18 HCM),712020:e2cb4528-d837-4b51-81a2-d8e57a3b4c48,Pham Anh Dung (K18 HCM),712020:50a9dbea-7d83-4168-a51f-d8d9f5b04bf9,Pham Anh Dung (K18 HCM),712020:50a9dbea-7d83-4168-a51f-d8d9f5b04bf9,22/May/24 9:35 PM,14/Jun/24 7:57 PM,17/Jul/24 8:05 AM,,,0,,,Pham Anh Dung (K18 HCM),712020:50a9dbea-7d83-4168-a51f-d8d9f5b04bf9,,,,,,,,,,,,,,,,,,,,,,,,,,,,,,,,,,,{},,MS-64,"Implement and design UI, screens for basic flow (frontend)",,,,,,,,0|i001ji:zzzi,,,,,,,,,,,,,,,,,,,,10098,"Implement and design UI, screens for basic flow (frontend)",To Do,22/May/24 9:35 PM
Purchased Order List Screen (Member),MS-76,10269,Task,To Do,MS,N5_JS1802,software,Pham Anh Dung (K18 HCM),712020:50a9dbea-7d83-4168-a51f-d8d9f5b04bf9,,,Medium,,Nguyen Dinh Bao (K18 HCM),712020:e2cb4528-d837-4b51-81a2-d8e57a3b4c48,Pham Anh Dung (K18 HCM),712020:50a9dbea-7d83-4168-a51f-d8d9f5b04bf9,Pham Anh Dung (K18 HCM),712020:50a9dbea-7d83-4168-a51f-d8d9f5b04bf9,22/May/24 9:35 PM,16/Jun/24 12:52 PM,17/Jul/24 8:05 AM,,,0,,,Pham Anh Dung (K18 HCM),712020:50a9dbea-7d83-4168-a51f-d8d9f5b04bf9,,,,,,,,,,,,,,,,,,,,,,,,,,,,,,,,,,,{},,MS-64,"Implement and design UI, screens for basic flow (frontend)",,,,,,,,0|i000au:zzzzzzzzyzi,,,,,Sprint 1,,,,,,,,,,,,,,,10098,"Implement and design UI, screens for basic flow (frontend)",To Do,22/May/24 9:35 PM
Purchase History Screen (Member),MS-75,10268,Task,To Do,MS,N5_JS1802,software,Pham Anh Dung (K18 HCM),712020:50a9dbea-7d83-4168-a51f-d8d9f5b04bf9,,,Medium,,,,Pham Anh Dung (K18 HCM),712020:50a9dbea-7d83-4168-a51f-d8d9f5b04bf9,Pham Anh Dung (K18 HCM),712020:50a9dbea-7d83-4168-a51f-d8d9f5b04bf9,22/May/24 9:34 PM,22/May/24 10:49 PM,17/Jul/24 8:05 AM,,,0,,,Pham Anh Dung (K18 HCM),712020:50a9dbea-7d83-4168-a51f-d8d9f5b04bf9,,,,,,,,,,,,,,,,,,,,,,,,,,,,,,,,,,,{},,,,,,,,,,,0|i001jj:,,,,,,,,,,,,,,,,,,,,,,To Do,22/May/24 9:34 PM
Profile & Account Management Screen (General),MS-74,10267,Task,To Do,MS,N5_JS1802,software,Pham Anh Dung (K18 HCM),712020:50a9dbea-7d83-4168-a51f-d8d9f5b04bf9,,,Medium,,Nguyen Dinh Bao (K18 HCM),712020:e2cb4528-d837-4b51-81a2-d8e57a3b4c48,Pham Anh Dung (K18 HCM),712020:50a9dbea-7d83-4168-a51f-d8d9f5b04bf9,Pham Anh Dung (K18 HCM),712020:50a9dbea-7d83-4168-a51f-d8d9f5b04bf9,22/May/24 9:34 PM,21/Jun/24 4:19 PM,17/Jul/24 8:05 AM,,,0,,,Pham Anh Dung (K18 HCM),712020:50a9dbea-7d83-4168-a51f-d8d9f5b04bf9,,,,,,,,,,,,,,,,,,,,,,,,,,,,,,,,,,,{},,MS-64,"Implement and design UI, screens for basic flow (frontend)",,,,,,,,0|i000au:zzzzzzzzyt,,,,,Sprint 1,,,,,,,,,,,,,,,10098,"Implement and design UI, screens for basic flow (frontend)",To Do,22/May/24 9:34 PM
Cart Management Screen (Member),MS-73,10266,Task,In Progress,MS,N5_JS1802,software,Pham Anh Dung (K18 HCM),712020:50a9dbea-7d83-4168-a51f-d8d9f5b04bf9,,,Medium,,Nguyen Dinh Bao (K18 HCM),712020:e2cb4528-d837-4b51-81a2-d8e57a3b4c48,Pham Anh Dung (K18 HCM),712020:50a9dbea-7d83-4168-a51f-d8d9f5b04bf9,Pham Anh Dung (K18 HCM),712020:50a9dbea-7d83-4168-a51f-d8d9f5b04bf9,22/May/24 9:33 PM,16/Jun/24 1:00 PM,17/Jul/24 8:05 AM,,,0,,,Pham Anh Dung (K18 HCM),712020:50a9dbea-7d83-4168-a51f-d8d9f5b04bf9,,,,,,,,,,,,,,,,,,,,,,,,,,,,,,,,,,,{},,MS-64,"Implement and design UI, screens for basic flow (frontend)",,,,,,,,0|i000au:zzzzzzzzyzv,,,,,Sprint 1,,,,,,,,,,,,,,,10098,"Implement and design UI, screens for basic flow (frontend)",In Progress,16/Jun/24 12:38 PM
"Product Details Screen (Member, Guest)",MS-72,10265,Task,In Progress,MS,N5_JS1802,software,Pham Anh Dung (K18 HCM),712020:50a9dbea-7d83-4168-a51f-d8d9f5b04bf9,,,Medium,,Nguyen Dinh Bao (K18 HCM),712020:e2cb4528-d837-4b51-81a2-d8e57a3b4c48,Pham Anh Dung (K18 HCM),712020:50a9dbea-7d83-4168-a51f-d8d9f5b04bf9,Pham Anh Dung (K18 HCM),712020:50a9dbea-7d83-4168-a51f-d8d9f5b04bf9,22/May/24 9:32 PM,16/Jun/24 12:50 PM,17/Jul/24 8:05 AM,,,0,,,Pham Anh Dung (K18 HCM),712020:50a9dbea-7d83-4168-a51f-d8d9f5b04bf9,,,,,,,,,,,,,,,,,,,,,,,,,,,,,,,,,,,{},,MS-64,"Implement and design UI, screens for basic flow (frontend)",,,,,,,,0|i000au:zzzzzzzzyy,,,,,Sprint 1,,,,,,,,,,,,,,,10098,"Implement and design UI, screens for basic flow (frontend)",In Progress,16/Jun/24 12:39 PM
"Milk Product List Screen (Member, Guest)",MS-71,10264,Task,To Do,MS,N5_JS1802,software,Pham Anh Dung (K18 HCM),712020:50a9dbea-7d83-4168-a51f-d8d9f5b04bf9,,,Medium,,Nguyen Dinh Bao (K18 HCM),712020:e2cb4528-d837-4b51-81a2-d8e57a3b4c48,Pham Anh Dung (K18 HCM),712020:50a9dbea-7d83-4168-a51f-d8d9f5b04bf9,Pham Anh Dung (K18 HCM),712020:50a9dbea-7d83-4168-a51f-d8d9f5b04bf9,22/May/24 9:32 PM,14/Jun/24 7:57 PM,17/Jul/24 8:05 AM,,,0,,,Pham Anh Dung (K18 HCM),712020:50a9dbea-7d83-4168-a51f-d8d9f5b04bf9,,,,,,,,,,,,,,,,,,,,,,,,,,,,,,,,,,,{},,MS-64,"Implement and design UI, screens for basic flow (frontend)",,,,,,,,0|i001ji:zzx,,,,,,,,,,,,,,,,,,,,10098,"Implement and design UI, screens for basic flow (frontend)",To Do,22/May/24 9:32 PM
"Shop's General Information Screen (Member, Guest)",MS-70,10263,Task,To Do,MS,N5_JS1802,software,Pham Anh Dung (K18 HCM),712020:50a9dbea-7d83-4168-a51f-d8d9f5b04bf9,,,Medium,,Nguyen Dinh Bao (K18 HCM),712020:e2cb4528-d837-4b51-81a2-d8e57a3b4c48,Pham Anh Dung (K18 HCM),712020:50a9dbea-7d83-4168-a51f-d8d9f5b04bf9,Pham Anh Dung (K18 HCM),712020:50a9dbea-7d83-4168-a51f-d8d9f5b04bf9,22/May/24 9:32 PM,14/Jun/24 7:57 PM,17/Jul/24 8:05 AM,,,0,,,Pham Anh Dung (K18 HCM),712020:50a9dbea-7d83-4168-a51f-d8d9f5b04bf9,,,,,,,,,,,,,,,,,,,,,,,,,,,,,,,,,,,{},,MS-64,"Implement and design UI, screens for basic flow (frontend)",,,,,,,,0|i001ji:zzv,,,,,,,,,,,,,,,,,,,,10098,"Implement and design UI, screens for basic flow (frontend)",To Do,22/May/24 9:32 PM
"Homepage Screen (Member, Guest)",MS-69,10262,Task,In Progress,MS,N5_JS1802,software,Pham Anh Dung (K18 HCM),712020:50a9dbea-7d83-4168-a51f-d8d9f5b04bf9,,,Medium,,Nguyen Dinh Bao (K18 HCM),712020:e2cb4528-d837-4b51-81a2-d8e57a3b4c48,Pham Anh Dung (K18 HCM),712020:50a9dbea-7d83-4168-a51f-d8d9f5b04bf9,Pham Anh Dung (K18 HCM),712020:50a9dbea-7d83-4168-a51f-d8d9f5b04bf9,22/May/24 9:32 PM,16/Jun/24 12:54 PM,17/Jul/24 8:05 AM,,,0,,,Pham Anh Dung (K18 HCM),712020:50a9dbea-7d83-4168-a51f-d8d9f5b04bf9,,,,,,,,,,,,,,,,,,,,,,,,,,,,,,,,,,,{},,MS-64,"Implement and design UI, screens for basic flow (frontend)",,,,,,,,0|i000au:zzzzzzzzzzzzyi,,,,,,,,,,,,,,,,,,,,10098,"Implement and design UI, screens for basic flow (frontend)",In Progress,16/Jun/24 12:38 PM
Forgot Password Screen (Member),MS-68,10261,Task,In Progress,MS,N5_JS1802,software,Pham Anh Dung (K18 HCM),712020:50a9dbea-7d83-4168-a51f-d8d9f5b04bf9,,,Medium,,Nguyen Dinh Bao (K18 HCM),712020:e2cb4528-d837-4b51-81a2-d8e57a3b4c48,Pham Anh Dung (K18 HCM),712020:50a9dbea-7d83-4168-a51f-d8d9f5b04bf9,Pham Anh Dung (K18 HCM),712020:50a9dbea-7d83-4168-a51f-d8d9f5b04bf9,22/May/24 9:31 PM,16/Jun/24 12:50 PM,17/Jul/24 8:05 AM,,,0,,,Pham Anh Dung (K18 HCM),712020:50a9dbea-7d83-4168-a51f-d8d9f5b04bf9,,,,,,,,,,,,,,,,,,,,,,,,,,,,,,,,,,,{},,MS-64,"Implement and design UI, screens for basic flow (frontend)",,,,,,,,0|i000au:zzzzzzzzywi,,,,,Sprint 1,,,,,,,,,,,,,,,10098,"Implement and design UI, screens for basic flow (frontend)",In Progress,16/Jun/24 12:39 PM
Login Screen (General),MS-67,10260,Task,In Progress,MS,N5_JS1802,software,Pham Anh Dung (K18 HCM),712020:50a9dbea-7d83-4168-a51f-d8d9f5b04bf9,,,Medium,,Nguyen Dinh Bao (K18 HCM),712020:e2cb4528-d837-4b51-81a2-d8e57a3b4c48,Pham Anh Dung (K18 HCM),712020:50a9dbea-7d83-4168-a51f-d8d9f5b04bf9,Pham Anh Dung (K18 HCM),712020:50a9dbea-7d83-4168-a51f-d8d9f5b04bf9,22/May/24 9:31 PM,16/Jun/24 12:49 PM,17/Jul/24 8:05 AM,,,0,,,Pham Anh Dung (K18 HCM),712020:50a9dbea-7d83-4168-a51f-d8d9f5b04bf9,,,,,,,,,,,,,,,,,,,,,,,,,,,,,,,,,,,{},,MS-64,"Implement and design UI, screens for basic flow (frontend)",,,,,,,,0|i000au:zzzzzzzzyw,,,,,Sprint 1,,,,,,,,,,,,,,,10098,"Implement and design UI, screens for basic flow (frontend)",In Progress,16/Jun/24 12:38 PM
"Register Screen (Member, Guest)",MS-66,10259,Task,In Progress,MS,N5_JS1802,software,Pham Anh Dung (K18 HCM),712020:50a9dbea-7d83-4168-a51f-d8d9f5b04bf9,,,Medium,,Nguyen Dinh Bao (K18 HCM),712020:e2cb4528-d837-4b51-81a2-d8e57a3b4c48,Pham Anh Dung (K18 HCM),712020:50a9dbea-7d83-4168-a51f-d8d9f5b04bf9,Pham Anh Dung (K18 HCM),712020:50a9dbea-7d83-4168-a51f-d8d9f5b04bf9,22/May/24 9:31 PM,16/Jun/24 12:48 PM,17/Jul/24 8:05 AM,,,0,,,Pham Anh Dung (K18 HCM),712020:50a9dbea-7d83-4168-a51f-d8d9f5b04bf9,,,,,,,,,,,,,,,,,,,,,,MS-19,,,,,,,,,,,,,{},,MS-64,"Implement and design UI, screens for basic flow (frontend)",,,,,,,,0|i000au:zzzzzzzzyx,,,,,Sprint 1,,,,,,,,,,,,,,,10098,"Implement and design UI, screens for basic flow (frontend)",In Progress,16/Jun/24 12:38 PM
"US-65 - As a Member, I want to pre-order products that are currently not sold yet, so that I can secure my desired item and avoid missing out on a potential future purchase.",MS-65,10099,Story,In Progress,MS,N5_JS1802,software,Pham Anh Dung (K18 HCM),712020:50a9dbea-7d83-4168-a51f-d8d9f5b04bf9,,,Medium,,Nguyen Van Huu Hien (K17 HCM),712020:85560a69-1c3d-48b0-a8d7-84d6e0e52516,Pham Anh Dung (K18 HCM),712020:50a9dbea-7d83-4168-a51f-d8d9f5b04bf9,Pham Anh Dung (K18 HCM),712020:50a9dbea-7d83-4168-a51f-d8d9f5b04bf9,17/May/24 9:23 AM,21/Jun/24 7:58 PM,17/Jul/24 8:05 AM,,,0,,,Pham Anh Dung (K18 HCM),712020:50a9dbea-7d83-4168-a51f-d8d9f5b04bf9,,,,,,,,,,,,,,,,,,,,,,,,,,,,,,,,,,,{},,,,,,,,,,,0|i000au:zzzzzzzzzzzz,,,,,Sprint 3,,,,,,,,,,,,,,,,,In Progress,27/May/24 2:09 PM
"Implement and design UI, screens for basic flow (frontend)",MS-64,10098,Epic,To Do,MS,N5_JS1802,software,Pham Anh Dung (K18 HCM),712020:50a9dbea-7d83-4168-a51f-d8d9f5b04bf9,,,Medium,,,,Pham Anh Dung (K18 HCM),712020:50a9dbea-7d83-4168-a51f-d8d9f5b04bf9,Pham Anh Dung (K18 HCM),712020:50a9dbea-7d83-4168-a51f-d8d9f5b04bf9,16/May/24 10:28 PM,14/Jun/24 7:54 PM,17/Jul/24 8:05 AM,,,0,,,Pham Anh Dung (K18 HCM),712020:50a9dbea-7d83-4168-a51f-d8d9f5b04bf9,,,,,,,,,,,,,,,,,,,,,,,,,,,,,,,,,,,{},ghx-label-7,,,"Implement and design UI, screens for basic flow (frontend)",To Do,,,purple,,,0|i00097:,,,,,,,,,,,,,,,,,,,,,,To Do,16/May/24 10:28 PM
"US-63 - As a User, I want to logout of my account, so that I can securely end my session and maintain account privacy.",MS-63,10097,Story,In Progress,MS,N5_JS1802,software,Pham Anh Dung (K18 HCM),712020:50a9dbea-7d83-4168-a51f-d8d9f5b04bf9,,,Medium,,Pham Anh Dung (K18 HCM),712020:50a9dbea-7d83-4168-a51f-d8d9f5b04bf9,Pham Anh Dung (K18 HCM),712020:50a9dbea-7d83-4168-a51f-d8d9f5b04bf9,Pham Anh Dung (K18 HCM),712020:50a9dbea-7d83-4168-a51f-d8d9f5b04bf9,16/May/24 9:46 PM,12/Jul/24 1:27 PM,12/Jul/24 1:27 PM,,,0,,,Pham Anh Dung (K18 HCM),712020:50a9dbea-7d83-4168-a51f-d8d9f5b04bf9,,,,,,,,,,,,,,,,,,,,,,,,,,,,,,,,,,,{},,MS-98,Personal Account,,,,,,,,0|i000au:zzzzzzzzyzx,,,,,Sprint 2,,,,,,,,,,,,,,,10392,Personal Account,In Progress,12/Jul/24 1:27 PM
"US-62 - As a User, I want to update my account information (name, phone number ) and credentials, so that I can keep my account details accurate and ensure smooth communication.",MS-62,10096,Story,In Progress,MS,N5_JS1802,software,Pham Anh Dung (K18 HCM),712020:50a9dbea-7d83-4168-a51f-d8d9f5b04bf9,,,Medium,,Pham Anh Dung (K18 HCM),712020:50a9dbea-7d83-4168-a51f-d8d9f5b04bf9,Pham Anh Dung (K18 HCM),712020:50a9dbea-7d83-4168-a51f-d8d9f5b04bf9,Pham Anh Dung (K18 HCM),712020:50a9dbea-7d83-4168-a51f-d8d9f5b04bf9,16/May/24 9:46 PM,12/Jul/24 1:27 PM,28/Jun/24 10:22 AM,,,0,,,Pham Anh Dung (K18 HCM),712020:50a9dbea-7d83-4168-a51f-d8d9f5b04bf9,,,,,,,,,,,,,,NJM-36,NJM-38,NJM-37,,,,,,,,,,,,,,,,,,,{},,MS-98,Personal Account,,,,,,,,0|i000au:zzzzzzzzyzvi,,,,,Sprint 2,,,,,,,,,,,,,,,10392,Personal Account,In Progress,12/Jul/24 1:27 PM
"US-61 - As a User, I want to login to my account, so that I can access member-specific features and manage my account information.",MS-61,10095,Story,In Progress,MS,N5_JS1802,software,Pham Anh Dung (K18 HCM),712020:50a9dbea-7d83-4168-a51f-d8d9f5b04bf9,,,Medium,,Pham Anh Dung (K18 HCM),712020:50a9dbea-7d83-4168-a51f-d8d9f5b04bf9,Pham Anh Dung (K18 HCM),712020:50a9dbea-7d83-4168-a51f-d8d9f5b04bf9,Pham Anh Dung (K18 HCM),712020:50a9dbea-7d83-4168-a51f-d8d9f5b04bf9,16/May/24 9:45 PM,12/Jul/24 1:27 PM,27/Jun/24 2:48 PM,,,0,,,Pham Anh Dung (K18 HCM),712020:50a9dbea-7d83-4168-a51f-d8d9f5b04bf9,,,,,,,,,,,,,,NJM-103,NJM-104,NJM-108,NJM-109,,,,,,,,,,,,,,,,,,{},,MS-98,Personal Account,,,,,,,,0|i000au:zzzzzzzzv,,,,,Sprint 1,,,,,,,,,,,,,,,10392,Personal Account,In Progress,12/Jul/24 1:27 PM
"US-60 - As a Seller, I want to confirm incoming orders (if applicable), so that the order fulfillment process can begin.",MS-60,10094,Story,In Progress,MS,N5_JS1802,software,Pham Anh Dung (K18 HCM),712020:50a9dbea-7d83-4168-a51f-d8d9f5b04bf9,,,Medium,,Nguyen Van Huu Hien (K17 HCM),712020:85560a69-1c3d-48b0-a8d7-84d6e0e52516,Pham Anh Dung (K18 HCM),712020:50a9dbea-7d83-4168-a51f-d8d9f5b04bf9,Pham Anh Dung (K18 HCM),712020:50a9dbea-7d83-4168-a51f-d8d9f5b04bf9,16/May/24 9:42 PM,12/Jul/24 1:27 PM,12/Jul/24 1:27 PM,,,0,,,Pham Anh Dung (K18 HCM),712020:50a9dbea-7d83-4168-a51f-d8d9f5b04bf9,,,,,,,,,,,,,,NJM-30,NJM-32,NJM-31,,,,,,,,,,,,,,,,,,,{},,MS-100,Order,,,,,,,,0|i000au:zzzzzzzzzzzzy,,,,,Sprint 2,,,,,,,,,,,,,,,10394,Order,In Progress,12/Jul/24 1:27 PM
"US-59 - As a Seller, I want to delay incoming orders (if applicable), so that I can manage situations where stock is unavailable or the order cannot be fulfilled.",MS-59,10093,Story,In Progress,MS,N5_JS1802,software,Pham Anh Dung (K18 HCM),712020:50a9dbea-7d83-4168-a51f-d8d9f5b04bf9,,,Medium,,Nguyen Van Huu Hien (K17 HCM),712020:85560a69-1c3d-48b0-a8d7-84d6e0e52516,Pham Anh Dung (K18 HCM),712020:50a9dbea-7d83-4168-a51f-d8d9f5b04bf9,Pham Anh Dung (K18 HCM),712020:50a9dbea-7d83-4168-a51f-d8d9f5b04bf9,16/May/24 9:42 PM,16/Jul/24 7:25 PM,17/Jul/24 8:05 AM,,,0,,,Pham Anh Dung (K18 HCM),712020:50a9dbea-7d83-4168-a51f-d8d9f5b04bf9,,,,,,,,,,,,,,NJM-32,NJM-30,NJM-31,,,,,,,,,,,,,,,,,,,{},,MS-100,Order,,,,,,,,0|i000au:zzzzzzzzzzzzx,,,,,Sprint 2,,,,,,,,,,,,,,,10394,Order,In Progress,12/Jul/24 1:27 PM
"US-58 - As a Seller, I want to track the details of individual orders, so that I can access specific order information for processing and communication.",MS-58,10092,Story,In Progress,MS,N5_JS1802,software,Pham Anh Dung (K18 HCM),712020:50a9dbea-7d83-4168-a51f-d8d9f5b04bf9,,,Medium,,Nguyen Van Huu Hien (K17 HCM),712020:85560a69-1c3d-48b0-a8d7-84d6e0e52516,Pham Anh Dung (K18 HCM),712020:50a9dbea-7d83-4168-a51f-d8d9f5b04bf9,Pham Anh Dung (K18 HCM),712020:50a9dbea-7d83-4168-a51f-d8d9f5b04bf9,16/May/24 9:42 PM,12/Jul/24 1:27 PM,17/Jul/24 8:05 AM,,,0,,,Pham Anh Dung (K18 HCM),712020:50a9dbea-7d83-4168-a51f-d8d9f5b04bf9,,,,,,,,,,,,,,,,,,,,,,,,,,,,,,,,,,,{},,MS-100,Order,,,,,,,,0|i000au:zzzzzzzzzzzzv,,,,,Sprint 2,,,,,,,,,,,,,,,10394,Order,In Progress,12/Jul/24 1:27 PM
"US-57 - As a Seller, I want to track the status of customer orders, so that I can monitor the order fulfillment process and identify any potential delays.",MS-57,10091,Story,In Progress,MS,N5_JS1802,software,Pham Anh Dung (K18 HCM),712020:50a9dbea-7d83-4168-a51f-d8d9f5b04bf9,,,Medium,,Nguyen Van Huu Hien (K17 HCM),712020:85560a69-1c3d-48b0-a8d7-84d6e0e52516,Pham Anh Dung (K18 HCM),712020:50a9dbea-7d83-4168-a51f-d8d9f5b04bf9,Pham Anh Dung (K18 HCM),712020:50a9dbea-7d83-4168-a51f-d8d9f5b04bf9,16/May/24 9:42 PM,12/Jul/24 1:27 PM,17/Jul/24 8:05 AM,,,0,,,Pham Anh Dung (K18 HCM),712020:50a9dbea-7d83-4168-a51f-d8d9f5b04bf9,,,,,,,,,,,,,,,,,,,,,,,,,,,,,,,,,,,{},,MS-100,Order,,,,,,,,0|i000au:zzzzzzzzzzzzr,,,,,Sprint 2,,,,,,,,,,,,,,,10394,Order,In Progress,12/Jul/24 1:27 PM
"US-56 - As a Seller, I want to view customer order history, so that I can understand customer buying patterns and manage inventory more effectively.",MS-56,10090,Story,To Do,MS,N5_JS1802,software,Pham Anh Dung (K18 HCM),712020:50a9dbea-7d83-4168-a51f-d8d9f5b04bf9,,,Medium,,,,Pham Anh Dung (K18 HCM),712020:50a9dbea-7d83-4168-a51f-d8d9f5b04bf9,Pham Anh Dung (K18 HCM),712020:50a9dbea-7d83-4168-a51f-d8d9f5b04bf9,16/May/24 9:42 PM,21/Jun/24 7:57 PM,17/Jul/24 8:05 AM,,,0,,,Pham Anh Dung (K18 HCM),712020:50a9dbea-7d83-4168-a51f-d8d9f5b04bf9,,,,,,,,,,,,,,,,,,,,,,,,,,,,,,,,,,,{},,MS-100,Order,,,,,,,,0|i000hr:,,,,,Sprint 2,,,,,,,,,,,,,,,10394,Order,To Do,16/May/24 9:42 PM
"US-55 - As a Seller, I want to update order tracking information for customers, so that I can keep them informed about the delivery progress of their purchases.",MS-55,10089,Story,In Progress,MS,N5_JS1802,software,Pham Anh Dung (K18 HCM),712020:50a9dbea-7d83-4168-a51f-d8d9f5b04bf9,,,Medium,,Nguyen Van Huu Hien (K17 HCM),712020:85560a69-1c3d-48b0-a8d7-84d6e0e52516,Pham Anh Dung (K18 HCM),712020:50a9dbea-7d83-4168-a51f-d8d9f5b04bf9,Pham Anh Dung (K18 HCM),712020:50a9dbea-7d83-4168-a51f-d8d9f5b04bf9,16/May/24 9:42 PM,12/Jul/24 1:27 PM,17/Jul/24 8:05 AM,,,0,,,Pham Anh Dung (K18 HCM),712020:50a9dbea-7d83-4168-a51f-d8d9f5b04bf9,,,,,,,,,,,,,,NJM-93,NJM-29,,,,,,,,,,,,,,,,,,,,{},,MS-100,Order,,,,,,,,0|i000au:zzzzzzzzzzzzi,,,,,Sprint 2,,,,,,,,,,,,,,,10394,Order,In Progress,12/Jul/24 1:27 PM
"US-54-As an Admin, I want to prohibit user accounts that violate terms of service, so that I can uphold the store's policies and maintain the integrity of the system.",MS-54,10088,Story,In Progress,MS,N5_JS1802,software,Pham Anh Dung (K18 HCM),712020:50a9dbea-7d83-4168-a51f-d8d9f5b04bf9,,,Medium,,Pham Anh Dung (K18 HCM),712020:50a9dbea-7d83-4168-a51f-d8d9f5b04bf9,Pham Anh Dung (K18 HCM),712020:50a9dbea-7d83-4168-a51f-d8d9f5b04bf9,Pham Anh Dung (K18 HCM),712020:50a9dbea-7d83-4168-a51f-d8d9f5b04bf9,16/May/24 9:41 PM,12/Jul/24 1:26 PM,16/Jul/24 1:30 PM,,,0,,,Pham Anh Dung (K18 HCM),712020:50a9dbea-7d83-4168-a51f-d8d9f5b04bf9,,,,,,,,,,,,,,NJM-84,NJM-83,NJM-80,,,,,,,,,,,,,,,,,,,{},,MS-18,Account Management,,,,,,,,0|i000au:zzzzzzzzyr,,,,,Sprint 1,,,,,,,,,,,,,,,10052,Account Management,In Progress,12/Jul/24 1:26 PM
"US-53 - As an Admin, I want to access and analyze store statistics and data, so that I can gain valuable insights into customer behavior and make informed business decisions.",MS-53,10087,Story,Done,MS,N5_JS1802,software,Pham Anh Dung (K18 HCM),712020:50a9dbea-7d83-4168-a51f-d8d9f5b04bf9,,,Medium,Done,Pham Anh Dung (K18 HCM),712020:50a9dbea-7d83-4168-a51f-d8d9f5b04bf9,Pham Anh Dung (K18 HCM),712020:50a9dbea-7d83-4168-a51f-d8d9f5b04bf9,Pham Anh Dung (K18 HCM),712020:50a9dbea-7d83-4168-a51f-d8d9f5b04bf9,16/May/24 9:40 PM,08/Jul/24 11:24 AM,17/Jul/24 8:05 AM,08/Jul/24 11:24 AM,,0,,,Pham Anh Dung (K18 HCM),712020:50a9dbea-7d83-4168-a51f-d8d9f5b04bf9,,,,,,,,,,,,,,,,,,,,,,,,,,,,,,,,,,,{},,,,,,,,,,,0|i000au:zzzzzzzzzzzy,,,,,Sprint 3,,,,,,,,,,,,,,10009_*:*_1_*:*_923317956_*|*_3_*:*_1_*:*_3618907128_*|*_10010_*:*_1_*:*_0,,,Done,08/Jul/24 11:24 AM
"US-52 - As an Admin, I want to view and update the store's general information, so that I can maintain accurate details about the store (name, contact information, etc.).",MS-52,10086,Story,In Progress,MS,N5_JS1802,software,Pham Anh Dung (K18 HCM),712020:50a9dbea-7d83-4168-a51f-d8d9f5b04bf9,,,Medium,,Pham Anh Dung (K18 HCM),712020:50a9dbea-7d83-4168-a51f-d8d9f5b04bf9,Pham Anh Dung (K18 HCM),712020:50a9dbea-7d83-4168-a51f-d8d9f5b04bf9,Pham Anh Dung (K18 HCM),712020:50a9dbea-7d83-4168-a51f-d8d9f5b04bf9,16/May/24 9:40 PM,12/Jul/24 1:27 PM,12/Jul/24 1:27 PM,,,0,,,Pham Anh Dung (K18 HCM),712020:50a9dbea-7d83-4168-a51f-d8d9f5b04bf9,,,,,,,,,,,,,,NJM-78,,,,,,,,,,,,,,,,,,,,,{},,MS-99,Shop Information Management,,,,,,,,0|i000au:zzzzzzzzzyi,,,,,Sprint 3,,,,,,,,,,,,,,,10393,Shop Information Management,In Progress,12/Jul/24 1:27 PM
"US-51-As an Admin, I want to create new staff accounts with specific roles and permissions, so that I can assign appropriate levels of access and functionality based on staff responsibilities.",MS-51,10085,Story,In Progress,MS,N5_JS1802,software,Pham Anh Dung (K18 HCM),712020:50a9dbea-7d83-4168-a51f-d8d9f5b04bf9,,,Medium,,Pham Anh Dung (K18 HCM),712020:50a9dbea-7d83-4168-a51f-d8d9f5b04bf9,Pham Anh Dung (K18 HCM),712020:50a9dbea-7d83-4168-a51f-d8d9f5b04bf9,Pham Anh Dung (K18 HCM),712020:50a9dbea-7d83-4168-a51f-d8d9f5b04bf9,16/May/24 9:38 PM,12/Jul/24 1:43 PM,16/Jul/24 12:52 PM,,,0,,,Pham Anh Dung (K18 HCM),712020:50a9dbea-7d83-4168-a51f-d8d9f5b04bf9,,,,,,,,,,,,,,NJM-53,NJM-54,NJM-57,NJM-56,,,,,,,,,,,,,,,,,,{},,MS-18,Account Management,,,,,,,,0|i000au:zzzzzzzzyzv9,,,,,Sprint 2,,,,,,,,,,,,,,,10052,Account Management,In Progress,12/Jul/24 1:26 PM
"US-50 - As an Admin, I want to view and manage all user accounts (Member, Manager, Staff), so that I have complete control over user access and system security.",MS-50,10084,Story,In Progress,MS,N5_JS1802,software,Pham Anh Dung (K18 HCM),712020:50a9dbea-7d83-4168-a51f-d8d9f5b04bf9,,,Medium,,Pham Anh Dung (K18 HCM),712020:50a9dbea-7d83-4168-a51f-d8d9f5b04bf9,Pham Anh Dung (K18 HCM),712020:50a9dbea-7d83-4168-a51f-d8d9f5b04bf9,Pham Anh Dung (K18 HCM),712020:50a9dbea-7d83-4168-a51f-d8d9f5b04bf9,16/May/24 9:38 PM,28/Jun/24 10:23 AM,16/Jul/24 12:50 PM,,,0,,,Pham Anh Dung (K18 HCM),712020:50a9dbea-7d83-4168-a51f-d8d9f5b04bf9,,,,,,,,,,,,,,,,,,,,,,,,,,,,,,,,,,,{},,MS-18,Account Management,,,,,,,,0|i0005f:,,,,,,,,,,,,,,,,,,,,10052,Account Management,In Progress,14/Jun/24 8:04 PM
"US-49 - As a Post Staff, I want to view and manage user reports on posts, so that I can ensure a safe and positive online community for our customers.",MS-49,10083,Story,To Do,MS,N5_JS1802,software,Pham Anh Dung (K18 HCM),712020:50a9dbea-7d83-4168-a51f-d8d9f5b04bf9,,,Medium,,,,Pham Anh Dung (K18 HCM),712020:50a9dbea-7d83-4168-a51f-d8d9f5b04bf9,Pham Anh Dung (K18 HCM),712020:50a9dbea-7d83-4168-a51f-d8d9f5b04bf9,16/May/24 9:37 PM,21/Jun/24 7:56 PM,17/Jul/24 8:05 AM,,,0,,,Pham Anh Dung (K18 HCM),712020:50a9dbea-7d83-4168-a51f-d8d9f5b04bf9,,,,,,,,,,,,,,,,,,,,,,,,,,,,,,,,,,,{},,MS-102,Content,,,,,,,,0|i000g7:,,,,,Sprint 3,,,,,,,,,,,,,,,10396,Content,To Do,16/May/24 9:37 PM
"US-48 - As a Post Staff, I want to delete inappropriate or offensive comments, so that I can maintain a safe and welcoming online environment.",MS-48,10082,Story,To Do,MS,N5_JS1802,software,Pham Anh Dung (K18 HCM),712020:50a9dbea-7d83-4168-a51f-d8d9f5b04bf9,,,Medium,,,,Pham Anh Dung (K18 HCM),712020:50a9dbea-7d83-4168-a51f-d8d9f5b04bf9,Pham Anh Dung (K18 HCM),712020:50a9dbea-7d83-4168-a51f-d8d9f5b04bf9,16/May/24 9:35 PM,21/Jun/24 7:56 PM,17/Jul/24 8:05 AM,,,0,,,Pham Anh Dung (K18 HCM),712020:50a9dbea-7d83-4168-a51f-d8d9f5b04bf9,,,,,,,,,,,,,,NJM-97,NJM-98,NJM-96,NJM-99,,,,,,,,,,,,,,,,,,{},,MS-102,Content,,,,,,,,0|i000fz:,,,,,Sprint 3,,,,,,,,,,,,,,,10396,Content,To Do,16/May/24 9:35 PM
"US-47 - As a Post Staff, I want to reply to user comments on store posts, so that I can address customer inquiries and build relationships.",MS-47,10081,Story,To Do,MS,N5_JS1802,software,Pham Anh Dung (K18 HCM),712020:50a9dbea-7d83-4168-a51f-d8d9f5b04bf9,,,Medium,,,,Pham Anh Dung (K18 HCM),712020:50a9dbea-7d83-4168-a51f-d8d9f5b04bf9,Pham Anh Dung (K18 HCM),712020:50a9dbea-7d83-4168-a51f-d8d9f5b04bf9,16/May/24 9:35 PM,21/Jun/24 7:56 PM,17/Jul/24 8:05 AM,,,0,,,Pham Anh Dung (K18 HCM),712020:50a9dbea-7d83-4168-a51f-d8d9f5b04bf9,,,,,,,,,,,,,,,,,,,,,,,,,,,,,,,,,,,{},,MS-102,Content,,,,,,,,0|i000fr:,,,,,Sprint 3,,,,,,,,,,,,,,,10396,Content,To Do,16/May/24 9:35 PM
"US-46 - As a Post Staff, I want to verify and approve user comments before they are displayed, so that I can ensure a positive and respectful online community.",MS-46,10080,Story,To Do,MS,N5_JS1802,software,Pham Anh Dung (K18 HCM),712020:50a9dbea-7d83-4168-a51f-d8d9f5b04bf9,,,Medium,,,,Pham Anh Dung (K18 HCM),712020:50a9dbea-7d83-4168-a51f-d8d9f5b04bf9,Pham Anh Dung (K18 HCM),712020:50a9dbea-7d83-4168-a51f-d8d9f5b04bf9,16/May/24 9:35 PM,21/Jun/24 7:56 PM,17/Jul/24 8:05 AM,,,0,,,Pham Anh Dung (K18 HCM),712020:50a9dbea-7d83-4168-a51f-d8d9f5b04bf9,,,,,,,,,,,,,,,,,,,,,,,,,,,,,,,,,,,{},,MS-102,Content,,,,,,,,0|i000fj:,,,,,Sprint 3,,,,,,,,,,,,,,,10396,Content,To Do,16/May/24 9:35 PM
"US-45 - As a Post Staff, I want to edit and update existing store posts, so that I can maintain accurate and relevant information.",MS-45,10079,Story,In Progress,MS,N5_JS1802,software,Pham Anh Dung (K18 HCM),712020:50a9dbea-7d83-4168-a51f-d8d9f5b04bf9,,,Medium,,Hoang Hai Hau (K17 HCM),712020:2f04cf6d-768c-4c7f-b5d0-4e20ed30b3c3,Pham Anh Dung (K18 HCM),712020:50a9dbea-7d83-4168-a51f-d8d9f5b04bf9,Pham Anh Dung (K18 HCM),712020:50a9dbea-7d83-4168-a51f-d8d9f5b04bf9,16/May/24 9:35 PM,12/Jul/24 1:28 PM,17/Jul/24 8:05 AM,,,0,,,Pham Anh Dung (K18 HCM),712020:50a9dbea-7d83-4168-a51f-d8d9f5b04bf9,,,,,,,,,,,,,,NJM-89,NJM-91,NJM-90,,,,,,,,,,,,,,,,,,,{},,MS-102,Content,,,,,,,,0|i000aj:,,,,,Sprint 1,,,,,,,,,,,,,,,10396,Content,In Progress,12/Jul/24 1:28 PM
"US-44 - As a Post Staff, I want to create informative and engaging posts for the store, so that I can educate and connect with customers on topics related to pregnancy, motherhood, and baby care.",MS-44,10078,Story,In Progress,MS,N5_JS1802,software,Pham Anh Dung (K18 HCM),712020:50a9dbea-7d83-4168-a51f-d8d9f5b04bf9,,,Medium,,Hoang Hai Hau (K17 HCM),712020:2f04cf6d-768c-4c7f-b5d0-4e20ed30b3c3,Pham Anh Dung (K18 HCM),712020:50a9dbea-7d83-4168-a51f-d8d9f5b04bf9,Pham Anh Dung (K18 HCM),712020:50a9dbea-7d83-4168-a51f-d8d9f5b04bf9,16/May/24 9:35 PM,12/Jul/24 1:28 PM,12/Jul/24 1:28 PM,,,0,,,Pham Anh Dung (K18 HCM),712020:50a9dbea-7d83-4168-a51f-d8d9f5b04bf9,,,,,,,,,,,,,,NJM-87,NJM-88,,,,,,,,,,,,,,,,,,,,{},,MS-102,Content,,,,,,,,0|i000an:,,,,,Sprint 1,,,,,,,,,,,,,,,10396,Content,In Progress,12/Jul/24 1:28 PM
"US-43 - As a Product Staff, I want to delete  products, so that the store maintains a clean and accurate product catalog.",MS-43,10077,Story,In Progress,MS,N5_JS1802,software,Pham Anh Dung (K18 HCM),712020:50a9dbea-7d83-4168-a51f-d8d9f5b04bf9,,,Medium,,Hoang Hai Hau (K17 HCM),712020:2f04cf6d-768c-4c7f-b5d0-4e20ed30b3c3,Pham Anh Dung (K18 HCM),712020:50a9dbea-7d83-4168-a51f-d8d9f5b04bf9,Pham Anh Dung (K18 HCM),712020:50a9dbea-7d83-4168-a51f-d8d9f5b04bf9,16/May/24 9:35 PM,12/Jul/24 1:28 PM,16/Jul/24 4:41 PM,,,0,,,Pham Anh Dung (K18 HCM),712020:50a9dbea-7d83-4168-a51f-d8d9f5b04bf9,,,,,,,,,,,,,,NJM-85,NJM-86,,,,,,,,,,,,,,,,,,,,{},,MS-101,Product,,,,,,,,0|i000au:zzzzzzzzzzzi,,,,,Sprint 2,,,,,,,,,,,,,,,10395,Product,In Progress,12/Jul/24 1:28 PM
"US-42 - As a Product Staff, I want to view and manage the complete product list, so that I can easily monitor product availability and make necessary adjustments.",MS-42,10076,Story,In Progress,MS,N5_JS1802,software,Pham Anh Dung (K18 HCM),712020:50a9dbea-7d83-4168-a51f-d8d9f5b04bf9,,,Medium,,Hoang Hai Hau (K17 HCM),712020:2f04cf6d-768c-4c7f-b5d0-4e20ed30b3c3,Pham Anh Dung (K18 HCM),712020:50a9dbea-7d83-4168-a51f-d8d9f5b04bf9,Pham Anh Dung (K18 HCM),712020:50a9dbea-7d83-4168-a51f-d8d9f5b04bf9,16/May/24 9:35 PM,12/Jul/24 1:28 PM,16/Jul/24 1:37 PM,,,0,,,Pham Anh Dung (K18 HCM),712020:50a9dbea-7d83-4168-a51f-d8d9f5b04bf9,,,,,,,,,,,,,,,,,,,,,,,,,,,,,,,,,,,{},,MS-101,Product,,,,,,,,0|i000au:zzzzzzzzzzz,,,,,Sprint 2,,,,,,,,,,,,,,,10395,Product,In Progress,12/Jul/24 1:28 PM
"US-41 - As a Product Staff, I want to manage product stock levels and quantities, so that I can prevent stockouts and maintain optimal inventory levels.",MS-41,10075,Story,In Progress,MS,N5_JS1802,software,Pham Anh Dung (K18 HCM),712020:50a9dbea-7d83-4168-a51f-d8d9f5b04bf9,,,Medium,,Hoang Hai Hau (K17 HCM),712020:2f04cf6d-768c-4c7f-b5d0-4e20ed30b3c3,Pham Anh Dung (K18 HCM),712020:50a9dbea-7d83-4168-a51f-d8d9f5b04bf9,Pham Anh Dung (K18 HCM),712020:50a9dbea-7d83-4168-a51f-d8d9f5b04bf9,16/May/24 9:35 PM,16/Jul/24 7:08 PM,16/Jul/24 1:37 PM,,,0,,,Pham Anh Dung (K18 HCM),712020:50a9dbea-7d83-4168-a51f-d8d9f5b04bf9,,,,,,,,,,NJM-74,NJM-113,NJM-114,NJM-115,,,,,,,,,,,,28/Jun/24 4:00 PM;712020:85560a69-1c3d-48b0-a8d7-84d6e0e52516;report.rar;https://cook-swp.atlassian.net/rest/api/3/attachment/content/10174,,,,,,,,,,{},,MS-101,Product,,,,,,,,0|i000au:zzzzzzzzzzy,,,,,Sprint 2,,,,,,,,,,,,,,,10395,Product,In Progress,12/Jul/24 1:27 PM
"US-40 - As a Product Staff, I want to update existing product information, so that I can ensure accurate and up-to-date product descriptions.",MS-40,10074,Story,In Progress,MS,N5_JS1802,software,Pham Anh Dung (K18 HCM),712020:50a9dbea-7d83-4168-a51f-d8d9f5b04bf9,,,Medium,,Hoang Hai Hau (K17 HCM),712020:2f04cf6d-768c-4c7f-b5d0-4e20ed30b3c3,Pham Anh Dung (K18 HCM),712020:50a9dbea-7d83-4168-a51f-d8d9f5b04bf9,Pham Anh Dung (K18 HCM),712020:50a9dbea-7d83-4168-a51f-d8d9f5b04bf9,16/May/24 9:34 PM,16/Jul/24 7:29 PM,13/Jul/24 7:35 AM,,,0,,,Pham Anh Dung (K18 HCM),712020:50a9dbea-7d83-4168-a51f-d8d9f5b04bf9,,,,,,,,,,,,,,NJM-74,NJM-72,NJM-70,NJM-105,NJM-106,NJM-113,NJM-114,NJM-115,,,,28/Jun/24 2:33 PM;712020:50a9dbea-7d83-4168-a51f-d8d9f5b04bf9;US-40_TestReports.rar;https://cook-swp.atlassian.net/rest/api/3/attachment/content/10171,,,,,,,,,,{},,MS-101,Product,,,,,,,,0|i000au:zzzzzzzzzzx,,,,,Sprint 2,,,,,,,,,,,,,,,10395,Product,In Progress,12/Jul/24 1:27 PM
"US-39 - As a Product Staff, I want to create new product listings in the store, so that I can expand the product catalog and cater to diverse customer needs.",MS-39,10073,Story,In Progress,MS,N5_JS1802,software,Pham Anh Dung (K18 HCM),712020:50a9dbea-7d83-4168-a51f-d8d9f5b04bf9,,,Medium,,Hoang Hai Hau (K17 HCM),712020:2f04cf6d-768c-4c7f-b5d0-4e20ed30b3c3,Pham Anh Dung (K18 HCM),712020:50a9dbea-7d83-4168-a51f-d8d9f5b04bf9,Pham Anh Dung (K18 HCM),712020:50a9dbea-7d83-4168-a51f-d8d9f5b04bf9,16/May/24 9:34 PM,16/Jul/24 6:02 PM,16/Jul/24 1:36 PM,,,0,,,Pham Anh Dung (K18 HCM),712020:50a9dbea-7d83-4168-a51f-d8d9f5b04bf9,,,,,,,,,,,,,,NJM-65,NJM-68,NJM-66,NJM-64,NJM-69,,,,NJM-110,NJM-111,NJM-112,,,,,,,,,,,{},,MS-101,Product,,,,,,,,0|i0009o:,,,,,Sprint 1,,,,,,,,,,,,,,,10395,Product,In Progress,12/Jul/24 1:27 PM
"US-38 - As a Manager, I want to delete memberships that violate user agreements, so that I can maintain a safe and secure online environment.",MS-38,10072,Story,To Do,MS,N5_JS1802,software,Pham Anh Dung (K18 HCM),712020:50a9dbea-7d83-4168-a51f-d8d9f5b04bf9,,,Medium,,,,Pham Anh Dung (K18 HCM),712020:50a9dbea-7d83-4168-a51f-d8d9f5b04bf9,Pham Anh Dung (K18 HCM),712020:50a9dbea-7d83-4168-a51f-d8d9f5b04bf9,16/May/24 9:33 PM,22/Jun/24 7:17 AM,17/Jul/24 8:05 AM,,,0,,,Pham Anh Dung (K18 HCM),712020:50a9dbea-7d83-4168-a51f-d8d9f5b04bf9,,,,,,,,,,,,,,,,,,,,,,,,,,,,,,,,,,,{},,MS-103,Promotion Management,,,,,,,,0|i000dr:,,,,,Sprint 4,,,,,,,,,,,,,,,10397,Promotion Management,To Do,16/May/24 9:33 PM
"US-37 - As a Manager, I want to set discounts for specific products, so that I can run targeted promotions and manage store inventory.",MS-37,10071,Story,To Do,MS,N5_JS1802,software,Pham Anh Dung (K18 HCM),712020:50a9dbea-7d83-4168-a51f-d8d9f5b04bf9,,,Medium,,,,Pham Anh Dung (K18 HCM),712020:50a9dbea-7d83-4168-a51f-d8d9f5b04bf9,Pham Anh Dung (K18 HCM),712020:50a9dbea-7d83-4168-a51f-d8d9f5b04bf9,16/May/24 9:33 PM,22/Jun/24 7:17 AM,17/Jul/24 8:05 AM,,,0,,,Pham Anh Dung (K18 HCM),712020:50a9dbea-7d83-4168-a51f-d8d9f5b04bf9,,,,,,,,,,,,,,,,,,,,,,,,,,,,,,,,,,,{},,MS-103,Promotion Management,,,,,,,,0|i000dj:,,,,,Sprint 4,,,,,,,,,,,,,,,10397,Promotion Management,To Do,16/May/24 9:33 PM
"US-36 - As a Manager, I want to create and manage vouchers for promotions, so that I can attract new customers and encourage repeat business.",MS-36,10070,Story,To Do,MS,N5_JS1802,software,Pham Anh Dung (K18 HCM),712020:50a9dbea-7d83-4168-a51f-d8d9f5b04bf9,,,Medium,,,,Pham Anh Dung (K18 HCM),712020:50a9dbea-7d83-4168-a51f-d8d9f5b04bf9,Pham Anh Dung (K18 HCM),712020:50a9dbea-7d83-4168-a51f-d8d9f5b04bf9,16/May/24 9:33 PM,22/Jun/24 7:17 AM,17/Jul/24 8:05 AM,,,0,,,Pham Anh Dung (K18 HCM),712020:50a9dbea-7d83-4168-a51f-d8d9f5b04bf9,,,,,,,,,,,,,,NJM-42,NJM-41,NJM-45,NJM-43,,,,,,,,,,,,,,,,,,{},,MS-103,Promotion Management,,,,,,,,0|i000db:,,,,,Sprint 4,,,,,,,,,,,,,,,10397,Promotion Management,To Do,16/May/24 9:33 PM
"US-35 - As a Manager, I want to update membership details and privileges, so that I can create different membership tiers and offer customized benefits.",MS-35,10069,Story,To Do,MS,N5_JS1802,software,Pham Anh Dung (K18 HCM),712020:50a9dbea-7d83-4168-a51f-d8d9f5b04bf9,,,Medium,,,,Pham Anh Dung (K18 HCM),712020:50a9dbea-7d83-4168-a51f-d8d9f5b04bf9,Pham Anh Dung (K18 HCM),712020:50a9dbea-7d83-4168-a51f-d8d9f5b04bf9,16/May/24 9:32 PM,22/Jun/24 7:17 AM,17/Jul/24 8:05 AM,,,0,,,Pham Anh Dung (K18 HCM),712020:50a9dbea-7d83-4168-a51f-d8d9f5b04bf9,,,,,,,,,,,,,,NJM-55,NJM-58,NJM-52,,,,,,,,,,,,,,,,,,,{},,MS-103,Promotion Management,,,,,,,,0|i000d3:,,,,,Sprint 4,,,,,,,,,,,,,,,10397,Promotion Management,To Do,16/May/24 9:32 PM
"US-34 - As a Member, I want to make secure payments for my orders, so that I can complete transactions with confidence and peace of mind.",MS-34,10068,Story,In Progress,MS,N5_JS1802,software,Pham Anh Dung (K18 HCM),712020:50a9dbea-7d83-4168-a51f-d8d9f5b04bf9,,,Medium,,Hoang Hai Hau (K17 HCM),712020:2f04cf6d-768c-4c7f-b5d0-4e20ed30b3c3,Pham Anh Dung (K18 HCM),712020:50a9dbea-7d83-4168-a51f-d8d9f5b04bf9,Pham Anh Dung (K18 HCM),712020:50a9dbea-7d83-4168-a51f-d8d9f5b04bf9,16/May/24 9:32 PM,12/Jul/24 1:28 PM,12/Jul/24 1:28 PM,,,0,,,Pham Anh Dung (K18 HCM),712020:50a9dbea-7d83-4168-a51f-d8d9f5b04bf9,,,,,,,,,,,,,,,,,,,,,,,,,,,,,,,,,,,{},,MS-104,Shopping Cart & Checkout,,,,,,,,0|i000au:zzzzzzzzzzi,,,,,Sprint 2,,,,,,,,,,,,,,,10398,Shopping Cart & Checkout,In Progress,12/Jul/24 1:28 PM
"US-33 - As a Member, I want to report inappropriate posts or comments, so that I can contribute to a safe and positive online environment.",MS-33,10067,Story,To Do,MS,N5_JS1802,software,Pham Anh Dung (K18 HCM),712020:50a9dbea-7d83-4168-a51f-d8d9f5b04bf9,,,Medium,,,,Pham Anh Dung (K18 HCM),712020:50a9dbea-7d83-4168-a51f-d8d9f5b04bf9,Pham Anh Dung (K18 HCM),712020:50a9dbea-7d83-4168-a51f-d8d9f5b04bf9,16/May/24 9:32 PM,21/Jun/24 7:54 PM,17/Jul/24 8:05 AM,,,0,,,Pham Anh Dung (K18 HCM),712020:50a9dbea-7d83-4168-a51f-d8d9f5b04bf9,,,,,,,,,,,,,,,,,,,,,,,,,,,,,,,,,,,{},,MS-102,Content,,,,,,,,0|i000cn:,,,,,Sprint 3,,,,,,,,,,,,,,,10396,Content,To Do,16/May/24 9:32 PM
"US-32 - As a Member, I want to submit a request for a refund on an order, so that I can return unwanted items in a hassle-free manner.",MS-32,10066,Story,To Do,MS,N5_JS1802,software,Pham Anh Dung (K18 HCM),712020:50a9dbea-7d83-4168-a51f-d8d9f5b04bf9,,,Medium,,,,Pham Anh Dung (K18 HCM),712020:50a9dbea-7d83-4168-a51f-d8d9f5b04bf9,Pham Anh Dung (K18 HCM),712020:50a9dbea-7d83-4168-a51f-d8d9f5b04bf9,16/May/24 9:32 PM,21/Jun/24 7:53 PM,17/Jul/24 8:05 AM,,,0,,,Pham Anh Dung (K18 HCM),712020:50a9dbea-7d83-4168-a51f-d8d9f5b04bf9,,,,,,,,,,,,,,,,,,,,,,,,,,,,,,,,,,,{},,MS-100,Order,,,,,,,,0|i000cf:,,,,,Sprint 2,,,,,,,,,,,,,,,10394,Order,To Do,16/May/24 9:32 PM
"US-31 - As a Member, I want to initiate a chat with store staff for assistance, so that I can get real-time support and answers to my questions.",MS-31,10065,Story,Done,MS,N5_JS1802,software,Pham Anh Dung (K18 HCM),712020:50a9dbea-7d83-4168-a51f-d8d9f5b04bf9,,,Medium,Done,Nguyen Van Huu Hien (K17 HCM),712020:85560a69-1c3d-48b0-a8d7-84d6e0e52516,Pham Anh Dung (K18 HCM),712020:50a9dbea-7d83-4168-a51f-d8d9f5b04bf9,Pham Anh Dung (K18 HCM),712020:50a9dbea-7d83-4168-a51f-d8d9f5b04bf9,16/May/24 9:31 PM,08/Jul/24 10:51 AM,17/Jul/24 8:05 AM,08/Jul/24 10:51 AM,,0,,,Pham Anh Dung (K18 HCM),712020:50a9dbea-7d83-4168-a51f-d8d9f5b04bf9,,,,,,,,,,,,,,,,,,,,,,,,,,,,,,,,,,,{},,,,,,,,,,,0|i000au:zzzzzzzzzz,,,,,Sprint 3,,,,,,,,,,,,,,10009_*:*_1_*:*_4540780353_*|*_10010_*:*_1_*:*_0,,,Done,08/Jul/24 10:51 AM
"US-30 - As a Member, I want to view and interact with store feedback from other members, so that I can gain valuable insights and build a sense of community.",MS-30,10064,Story,To Do,MS,N5_JS1802,software,Pham Anh Dung (K18 HCM),712020:50a9dbea-7d83-4168-a51f-d8d9f5b04bf9,,,Medium,,,,Pham Anh Dung (K18 HCM),712020:50a9dbea-7d83-4168-a51f-d8d9f5b04bf9,Pham Anh Dung (K18 HCM),712020:50a9dbea-7d83-4168-a51f-d8d9f5b04bf9,16/May/24 9:31 PM,21/Jun/24 7:53 PM,17/Jul/24 8:05 AM,,,0,,,Pham Anh Dung (K18 HCM),712020:50a9dbea-7d83-4168-a51f-d8d9f5b04bf9,,,,,,,,,,,,,,,,,,,,,,,,,,,,,,,,,,,{},,MS-102,Content,,,,,,,,0|i000bz:,,,,,Sprint 3,,,,,,,,,,,,,,,10396,Content,To Do,16/May/24 9:31 PM
"US-29 - As a Member, I want to post comments and reviews on products, so that I can share my experience and help other mothers make informed decisions.",MS-29,10063,Story,To Do,MS,N5_JS1802,software,Pham Anh Dung (K18 HCM),712020:50a9dbea-7d83-4168-a51f-d8d9f5b04bf9,,,Medium,,,,Pham Anh Dung (K18 HCM),712020:50a9dbea-7d83-4168-a51f-d8d9f5b04bf9,Pham Anh Dung (K18 HCM),712020:50a9dbea-7d83-4168-a51f-d8d9f5b04bf9,16/May/24 9:30 PM,21/Jun/24 7:53 PM,17/Jul/24 8:05 AM,,,0,,,Pham Anh Dung (K18 HCM),712020:50a9dbea-7d83-4168-a51f-d8d9f5b04bf9,,,,,,,,,,,,,,,,,,,,,,,,,,,,,,,,,,,{},,MS-102,Content,,,,,,,,0|i000br:,,,,,Sprint 3,,,,,,,,,,,,,,,10396,Content,To Do,16/May/24 9:30 PM
"US-28 - As a Member, I want to add vouchers to my order for discounts, so that I can save money on purchases.",MS-28,10062,Story,To Do,MS,N5_JS1802,software,Pham Anh Dung (K18 HCM),712020:50a9dbea-7d83-4168-a51f-d8d9f5b04bf9,,,Medium,,,,Pham Anh Dung (K18 HCM),712020:50a9dbea-7d83-4168-a51f-d8d9f5b04bf9,Pham Anh Dung (K18 HCM),712020:50a9dbea-7d83-4168-a51f-d8d9f5b04bf9,16/May/24 9:30 PM,21/Jun/24 7:53 PM,17/Jul/24 8:05 AM,,,0,,,Pham Anh Dung (K18 HCM),712020:50a9dbea-7d83-4168-a51f-d8d9f5b04bf9,,,,,,,,,,,,,,NJM-48,,,,,,,,,,,,,,,,,,,,,{},,MS-104,Shopping Cart & Checkout,,,,,,,,0|i000bj:,,,,,Sprint 2,,,,,,,,,,,,,,,10398,Shopping Cart & Checkout,To Do,16/May/24 9:30 PM
"US-27 - As a Member, I want to view my membership information, so that I can be informed about my privileges and information about them.",MS-27,10061,Story,To Do,MS,N5_JS1802,software,Pham Anh Dung (K18 HCM),712020:50a9dbea-7d83-4168-a51f-d8d9f5b04bf9,,,Medium,,,,Pham Anh Dung (K18 HCM),712020:50a9dbea-7d83-4168-a51f-d8d9f5b04bf9,Pham Anh Dung (K18 HCM),712020:50a9dbea-7d83-4168-a51f-d8d9f5b04bf9,16/May/24 9:30 PM,21/Jun/24 7:53 PM,17/Jul/24 8:05 AM,,,0,,,Pham Anh Dung (K18 HCM),712020:50a9dbea-7d83-4168-a51f-d8d9f5b04bf9,,,,,,,,,,,,,,,,,,,,,,,,,,,,,,,,,,,{},,MS-98,Personal Account,,,,,,,,0|i000bh:,,,,,Sprint 3,,,,,,,,,,,,,,,10392,Personal Account,To Do,16/May/24 9:30 PM
"US-26 - As a Member, I want to track the status of my orders, so that I can stay informed about the delivery progress.",MS-26,10060,Story,In Progress,MS,N5_JS1802,software,Pham Anh Dung (K18 HCM),712020:50a9dbea-7d83-4168-a51f-d8d9f5b04bf9,,,Medium,,Nguyen Van Huu Hien (K17 HCM),712020:85560a69-1c3d-48b0-a8d7-84d6e0e52516,Pham Anh Dung (K18 HCM),712020:50a9dbea-7d83-4168-a51f-d8d9f5b04bf9,Pham Anh Dung (K18 HCM),712020:50a9dbea-7d83-4168-a51f-d8d9f5b04bf9,16/May/24 9:28 PM,12/Jul/24 1:27 PM,17/Jul/24 8:05 AM,,,0,,,Pham Anh Dung (K18 HCM),712020:50a9dbea-7d83-4168-a51f-d8d9f5b04bf9,,,,,,,,,,,,,,,,,,,,,,,,,,,,,,,,,,,{},,MS-100,Order,,,,,,,,0|i000au:zzzzzzzzzy,,,,,Sprint 2,,,,,,,,,,,,,,,10394,Order,In Progress,12/Jul/24 1:27 PM
"US-25 - As a Member, I want to view my complete order history, so that I can easily track past purchases and manage returns if needed.",MS-25,10059,Story,To Do,MS,N5_JS1802,software,Pham Anh Dung (K18 HCM),712020:50a9dbea-7d83-4168-a51f-d8d9f5b04bf9,,,Medium,,,,Pham Anh Dung (K18 HCM),712020:50a9dbea-7d83-4168-a51f-d8d9f5b04bf9,Pham Anh Dung (K18 HCM),712020:50a9dbea-7d83-4168-a51f-d8d9f5b04bf9,16/May/24 9:28 PM,21/Jun/24 7:53 PM,17/Jul/24 8:05 AM,,,0,,,Pham Anh Dung (K18 HCM),712020:50a9dbea-7d83-4168-a51f-d8d9f5b04bf9,,,,,,,,,,,,,,,,,,,,,,,,,,,,,,,,,,,{},,MS-98,Personal Account,,,,,,,,0|i000av:,,,,,Sprint 3,,,,,,,,,,,,,,,10392,Personal Account,To Do,16/May/24 9:28 PM
"US-24 - As a Member, I want to view and edit the contents of my shopping cart, so that I can make changes before finalizing my order.",MS-24,10058,Story,In Progress,MS,N5_JS1802,software,Pham Anh Dung (K18 HCM),712020:50a9dbea-7d83-4168-a51f-d8d9f5b04bf9,,,Medium,,Nguyen Van Huu Hien (K17 HCM),712020:85560a69-1c3d-48b0-a8d7-84d6e0e52516,Pham Anh Dung (K18 HCM),712020:50a9dbea-7d83-4168-a51f-d8d9f5b04bf9,Pham Anh Dung (K18 HCM),712020:50a9dbea-7d83-4168-a51f-d8d9f5b04bf9,16/May/24 9:27 PM,12/Jul/24 1:28 PM,16/Jul/24 12:24 PM,,,0,,,Pham Anh Dung (K18 HCM),712020:50a9dbea-7d83-4168-a51f-d8d9f5b04bf9,,,,,,,,,,,,,,,,,,,,,,,,,,,,,,,,,,,{},,MS-104,Shopping Cart & Checkout,,,,,,,,0|i000ag:,,,,,Sprint 1,,,,,,,,,,,,,,,10398,Shopping Cart & Checkout,In Progress,12/Jul/24 1:28 PM
"US-23 - As a Member, I want to add products to my cart for purchase, so that I can conveniently collect the items I wish to buy.",MS-23,10057,Story,In Progress,MS,N5_JS1802,software,Pham Anh Dung (K18 HCM),712020:50a9dbea-7d83-4168-a51f-d8d9f5b04bf9,,,Medium,,Nguyen Van Huu Hien (K17 HCM),712020:85560a69-1c3d-48b0-a8d7-84d6e0e52516,Pham Anh Dung (K18 HCM),712020:50a9dbea-7d83-4168-a51f-d8d9f5b04bf9,Pham Anh Dung (K18 HCM),712020:50a9dbea-7d83-4168-a51f-d8d9f5b04bf9,16/May/24 9:27 PM,12/Jul/24 1:28 PM,17/Jul/24 8:05 AM,,,0,,,Pham Anh Dung (K18 HCM),712020:50a9dbea-7d83-4168-a51f-d8d9f5b04bf9,,,,,,,,,,,,,,NJM-40,NJM-39,,,,,,,,,,,,,,,,,,,,{},,MS-104,Shopping Cart & Checkout,,,,,,,,0|i000a2:,,,,,Sprint 1,,,,,,,,,,,,,,,10398,Shopping Cart & Checkout,In Progress,12/Jul/24 1:28 PM
"US-22 - As a Guest, I want to mark products as favorites for later reference, so that I can easily revisit products that caught my attention.",MS-22,10056,Story,In Progress,MS,N5_JS1802,software,Pham Anh Dung (K18 HCM),712020:50a9dbea-7d83-4168-a51f-d8d9f5b04bf9,,,Medium,,Pham Anh Dung (K18 HCM),712020:50a9dbea-7d83-4168-a51f-d8d9f5b04bf9,Pham Anh Dung (K18 HCM),712020:50a9dbea-7d83-4168-a51f-d8d9f5b04bf9,Pham Anh Dung (K18 HCM),712020:50a9dbea-7d83-4168-a51f-d8d9f5b04bf9,16/May/24 9:27 PM,12/Jul/24 1:27 PM,28/Jun/24 10:21 AM,,,0,,,Pham Anh Dung (K18 HCM),712020:50a9dbea-7d83-4168-a51f-d8d9f5b04bf9,,,,,,,,,,,,,,,,,,,,,,,,,,,,,,,,,,,{},,MS-101,Product,,,,,,,,0|i000au:zzzzzzzzzr,,,,,Sprint 2,,,,,,,,,,,,,,,10395,Product,In Progress,12/Jul/24 1:27 PM
"US-21 - As a Guest, I want to search for specific products by name or category, so that I can quickly find the items I'm interested in.",MS-21,10055,Story,In Progress,MS,N5_JS1802,software,Pham Anh Dung (K18 HCM),712020:50a9dbea-7d83-4168-a51f-d8d9f5b04bf9,,,Medium,,Pham Anh Dung (K18 HCM),712020:50a9dbea-7d83-4168-a51f-d8d9f5b04bf9,Pham Anh Dung (K18 HCM),712020:50a9dbea-7d83-4168-a51f-d8d9f5b04bf9,Pham Anh Dung (K18 HCM),712020:50a9dbea-7d83-4168-a51f-d8d9f5b04bf9,16/May/24 9:27 PM,12/Jul/24 1:27 PM,28/Jun/24 10:19 AM,,,0,,,Pham Anh Dung (K18 HCM),712020:50a9dbea-7d83-4168-a51f-d8d9f5b04bf9,,,,,,,,,,,,,,NJM-100,NJM-101,,,,,,,,,,,,,,,,,,,,{},,MS-101,Product,,,,,,,,0|i000au:zzzzzzzzzi,,,,,Sprint 2,,,,,,,,,,,,,,,10395,Product,In Progress,12/Jul/24 1:27 PM
"US-20 - As a Guest, I want to browse the store and view products without creating an account, so that I can easily explore product offerings before committing to membership.",MS-20,10054,Story,In Progress,MS,N5_JS1802,software,Pham Anh Dung (K18 HCM),712020:50a9dbea-7d83-4168-a51f-d8d9f5b04bf9,,,Medium,,Pham Anh Dung (K18 HCM),712020:50a9dbea-7d83-4168-a51f-d8d9f5b04bf9,Pham Anh Dung (K18 HCM),712020:50a9dbea-7d83-4168-a51f-d8d9f5b04bf9,Pham Anh Dung (K18 HCM),712020:50a9dbea-7d83-4168-a51f-d8d9f5b04bf9,16/May/24 9:26 PM,12/Jul/24 1:27 PM,12/Jul/24 1:41 PM,,,0,,,Pham Anh Dung (K18 HCM),712020:50a9dbea-7d83-4168-a51f-d8d9f5b04bf9,,,,,,,,,,,,,,,,,,,,,,,,,,,,,,,,,,,{},,MS-101,Product,,,,,,,,0|i000au:zzzzzzzzz,,,,,Sprint 2,,,,,,,,,,,,,,,10395,Product,In Progress,12/Jul/24 1:27 PM
"US-19 - As a Guest, I want to register to the web so that I can have access to various functions of it for further decisions",MS-19,10053,Story,In Progress,MS,N5_JS1802,software,Pham Anh Dung (K18 HCM),712020:50a9dbea-7d83-4168-a51f-d8d9f5b04bf9,,,Medium,,Pham Anh Dung (K18 HCM),712020:50a9dbea-7d83-4168-a51f-d8d9f5b04bf9,Pham Anh Dung (K18 HCM),712020:50a9dbea-7d83-4168-a51f-d8d9f5b04bf9,Pham Anh Dung (K18 HCM),712020:50a9dbea-7d83-4168-a51f-d8d9f5b04bf9,16/May/24 8:52 PM,12/Jul/24 1:26 PM,12/Jul/24 1:26 PM,,22/May/24 12:00 AM,0,,,Pham Anh Dung (K18 HCM),712020:50a9dbea-7d83-4168-a51f-d8d9f5b04bf9,,,,,,,,,,,,,,MS-66,NJM-34,NJM-33,NJM-35,,,,,,,,,,,,,,,,,,{},,MS-98,Personal Account,,,,,,,,0|i000au:zzzzzzzzi,,,,,Sprint 1,20/May/24 12:00 AM,,,,,,,,,,,,,,10392,Personal Account,In Progress,12/Jul/24 1:26 PM
Account Management,MS-18,10052,Epic,To Do,MS,N5_JS1802,software,Pham Anh Dung (K18 HCM),712020:50a9dbea-7d83-4168-a51f-d8d9f5b04bf9,,,Medium,,,,Pham Anh Dung (K18 HCM),712020:50a9dbea-7d83-4168-a51f-d8d9f5b04bf9,Pham Anh Dung (K18 HCM),712020:50a9dbea-7d83-4168-a51f-d8d9f5b04bf9,16/May/24 4:34 PM,15/Jun/24 8:00 AM,17/Jul/24 8:05 AM,,03/Jun/24 12:00 AM,0,,,Pham Anh Dung (K18 HCM),712020:50a9dbea-7d83-4168-a51f-d8d9f5b04bf9,,,,,,,,,,,,,,,,,,,,,,,,,,,,,,,,,,,{},ghx-label-7,,,Implement app's basic flow,To Do,,,purple,,,0|i0009b:,,,,,,20/May/24 12:00 AM,,,,,,,,,,,,,,,,To Do,16/May/24 4:34 PM
"Fixing, modifying ERD",MS-15,10049,Sub-task,Done,MS,N5_JS1802,software,Pham Anh Dung (K18 HCM),712020:50a9dbea-7d83-4168-a51f-d8d9f5b04bf9,,,Medium,Done,Pham Anh Dung (K18 HCM),712020:50a9dbea-7d83-4168-a51f-d8d9f5b04bf9,Pham Anh Dung (K18 HCM),712020:50a9dbea-7d83-4168-a51f-d8d9f5b04bf9,Pham Anh Dung (K18 HCM),712020:50a9dbea-7d83-4168-a51f-d8d9f5b04bf9,16/May/24 3:47 PM,16/May/24 4:31 PM,17/Jul/24 8:05 AM,16/May/24 4:31 PM,,0,,,Pham Anh Dung (K18 HCM),712020:50a9dbea-7d83-4168-a51f-d8d9f5b04bf9,,,,,,,,,,,,,,,,,,,,,,,,,,,,,,,,,,,{},,,,,,,,,,,0|i0008n:,,,,,1st Sprint,,,,,,,,,,,,,,10009_*:*_1_*:*_2661280_*|*_10010_*:*_1_*:*_0,10042,Draw ERD,Done,16/May/24 4:31 PM
"Determine entities, lay out foundations",MS-14,10048,Sub-task,Done,MS,N5_JS1802,software,Pham Anh Dung (K18 HCM),712020:50a9dbea-7d83-4168-a51f-d8d9f5b04bf9,,,Medium,Done,Nguyen Van Huu Hien (K17 HCM),712020:85560a69-1c3d-48b0-a8d7-84d6e0e52516,Pham Anh Dung (K18 HCM),712020:50a9dbea-7d83-4168-a51f-d8d9f5b04bf9,Pham Anh Dung (K18 HCM),712020:50a9dbea-7d83-4168-a51f-d8d9f5b04bf9,16/May/24 3:47 PM,16/May/24 4:31 PM,17/Jul/24 8:05 AM,16/May/24 4:31 PM,,0,,,Pham Anh Dung (K18 HCM),712020:50a9dbea-7d83-4168-a51f-d8d9f5b04bf9,,,,,,,,,,,,,,,,,,,,,,,,,,,,,,,,,,,{},,,,,,,,,,,0|i0008f:,,,,,1st Sprint,,,,,,,,,,,,,,10009_*:*_1_*:*_2672236_*|*_10010_*:*_1_*:*_0,10042,Draw ERD,Done,16/May/24 4:31 PM
2nd half of the screen (20 screens),MS-13,10047,Sub-task,Done,MS,N5_JS1802,software,Pham Anh Dung (K18 HCM),712020:50a9dbea-7d83-4168-a51f-d8d9f5b04bf9,,,Medium,Done,Nguyen Dinh Bao (K18 HCM),712020:e2cb4528-d837-4b51-81a2-d8e57a3b4c48,Pham Anh Dung (K18 HCM),712020:50a9dbea-7d83-4168-a51f-d8d9f5b04bf9,Pham Anh Dung (K18 HCM),712020:50a9dbea-7d83-4168-a51f-d8d9f5b04bf9,16/May/24 3:44 PM,16/May/24 4:27 PM,17/Jul/24 8:05 AM,16/May/24 4:27 PM,,0,,,Pham Anh Dung (K18 HCM),712020:50a9dbea-7d83-4168-a51f-d8d9f5b04bf9,,,,,,,,,,,,,,,,,,,,,,,,,,,,,,,,,,,{},,,,,,,,,,,0|i00087:,,,,,1st Sprint,,,,,,,,,,,,,,10009_*:*_1_*:*_2613465_*|*_10010_*:*_1_*:*_0,10041,Figma of mock screens,Done,16/May/24 4:27 PM
1st half of the screens (20 screens),MS-12,10046,Sub-task,Done,MS,N5_JS1802,software,Pham Anh Dung (K18 HCM),712020:50a9dbea-7d83-4168-a51f-d8d9f5b04bf9,,,Medium,Done,Hoang Hai Hau (K17 HCM),712020:2f04cf6d-768c-4c7f-b5d0-4e20ed30b3c3,Pham Anh Dung (K18 HCM),712020:50a9dbea-7d83-4168-a51f-d8d9f5b04bf9,Pham Anh Dung (K18 HCM),712020:50a9dbea-7d83-4168-a51f-d8d9f5b04bf9,16/May/24 3:43 PM,16/May/24 7:33 PM,17/Jul/24 8:05 AM,16/May/24 4:27 PM,,0,,,Pham Anh Dung (K18 HCM),712020:50a9dbea-7d83-4168-a51f-d8d9f5b04bf9,,,,,,,,,,,,,,,,,,,,,,,,,,,,,,,,,,,{},,,,,,,,,,,0|i0007z:,,,,,1st Sprint,,,,,,,,,,,,,,10009_*:*_1_*:*_2624023_*|*_10010_*:*_1_*:*_0,10041,Figma of mock screens,Done,16/May/24 4:27 PM
Business rule,MS-11,10045,Task,Done,MS,N5_JS1802,software,Pham Anh Dung (K18 HCM),712020:50a9dbea-7d83-4168-a51f-d8d9f5b04bf9,,,High,Done,Hoang Hai Hau (K17 HCM),712020:2f04cf6d-768c-4c7f-b5d0-4e20ed30b3c3,Pham Anh Dung (K18 HCM),712020:50a9dbea-7d83-4168-a51f-d8d9f5b04bf9,Pham Anh Dung (K18 HCM),712020:50a9dbea-7d83-4168-a51f-d8d9f5b04bf9,16/May/24 3:36 PM,15/Jun/24 8:13 AM,17/Jul/24 8:05 AM,19/May/24 10:47 PM,16/May/24 12:00 AM,0,,,Pham Anh Dung (K18 HCM),712020:50a9dbea-7d83-4168-a51f-d8d9f5b04bf9,,,,,,,,,,,,,,,,,,,,,,,,,,,,,,,,,,,{},,,,,,,,purple,,,0|i0007r:,,,,,1st Sprint,10/May/24 12:00 AM,,,,,,,,,,,,,10009_*:*_1_*:*_762405_*|*_3_*:*_2_*:*_282708475_*|*_10010_*:*_2_*:*_1561972,,,Done,19/May/24 10:47 PM
Use case diagram,MS-10,10044,Task,Done,MS,N5_JS1802,software,Pham Anh Dung (K18 HCM),712020:50a9dbea-7d83-4168-a51f-d8d9f5b04bf9,,,High,Done,Hoang Hai Hau (K17 HCM),712020:2f04cf6d-768c-4c7f-b5d0-4e20ed30b3c3,Pham Anh Dung (K18 HCM),712020:50a9dbea-7d83-4168-a51f-d8d9f5b04bf9,Pham Anh Dung (K18 HCM),712020:50a9dbea-7d83-4168-a51f-d8d9f5b04bf9,16/May/24 3:36 PM,15/Jun/24 8:13 AM,17/Jul/24 8:05 AM,16/May/24 3:49 PM,09/May/24 12:00 AM,0,,,Pham Anh Dung (K18 HCM),712020:50a9dbea-7d83-4168-a51f-d8d9f5b04bf9,,,,,,,,,,,,,,,,,,,,,,,,,,,,,,,,,,,{},,,,,,,,purple,,,0|i0007j:,,,,,1st Sprint,08/May/24 12:00 AM,,,,,,,,,,,,,10009_*:*_1_*:*_759237_*|*_10010_*:*_1_*:*_0,,,Done,16/May/24 3:49 PM
Implement ERD to database schema on MySQL,MS-9,10043,Task,Done,MS,N5_JS1802,software,Pham Anh Dung (K18 HCM),712020:50a9dbea-7d83-4168-a51f-d8d9f5b04bf9,,,Highest,Done,Nguyen Van Huu Hien (K17 HCM),712020:85560a69-1c3d-48b0-a8d7-84d6e0e52516,Pham Anh Dung (K18 HCM),712020:50a9dbea-7d83-4168-a51f-d8d9f5b04bf9,Pham Anh Dung (K18 HCM),712020:50a9dbea-7d83-4168-a51f-d8d9f5b04bf9,16/May/24 3:34 PM,15/Jun/24 8:13 AM,17/Jul/24 8:05 AM,19/May/24 10:47 PM,19/May/24 12:00 AM,0,,,Pham Anh Dung (K18 HCM),712020:50a9dbea-7d83-4168-a51f-d8d9f5b04bf9,,,,,,,,,,,,,,,,,,,,,,,,,,,,,,,,,,,{},,,,,,,,purple,,,0|i0007b:,,,,,1st Sprint,14/May/24 12:00 AM,,,,,,,,,,,,,10009_*:*_1_*:*_882165_*|*_3_*:*_2_*:*_283550092_*|*_10010_*:*_2_*:*_721159,,,Done,19/May/24 10:47 PM
Draw ERD,MS-8,10042,Task,Done,MS,N5_JS1802,software,Pham Anh Dung (K18 HCM),712020:50a9dbea-7d83-4168-a51f-d8d9f5b04bf9,,,Highest,Done,Nguyen Van Huu Hien (K17 HCM),712020:85560a69-1c3d-48b0-a8d7-84d6e0e52516,Pham Anh Dung (K18 HCM),712020:50a9dbea-7d83-4168-a51f-d8d9f5b04bf9,Pham Anh Dung (K18 HCM),712020:50a9dbea-7d83-4168-a51f-d8d9f5b04bf9,16/May/24 3:34 PM,15/Jun/24 8:13 AM,17/Jul/24 8:05 AM,16/May/24 8:04 PM,17/May/24 12:00 AM,0,,,Pham Anh Dung (K18 HCM),712020:50a9dbea-7d83-4168-a51f-d8d9f5b04bf9,,,,,,,,,,,,,,,,,,,,,,,,,,,,,,,,,,,{},,,,,,,,purple,,,0|i00073:,,,,,1st Sprint,12/May/24 12:00 AM,,,,,,,,,,,,,10009_*:*_1_*:*_879101_*|*_3_*:*_1_*:*_12688422_*|*_10010_*:*_2_*:*_2644525,,,Done,16/May/24 8:04 PM
Figma of mock screens,MS-7,10041,Task,Done,MS,N5_JS1802,software,Pham Anh Dung (K18 HCM),712020:50a9dbea-7d83-4168-a51f-d8d9f5b04bf9,,,Medium,Done,Nguyen Dinh Bao (K18 HCM),712020:e2cb4528-d837-4b51-81a2-d8e57a3b4c48,Pham Anh Dung (K18 HCM),712020:50a9dbea-7d83-4168-a51f-d8d9f5b04bf9,Pham Anh Dung (K18 HCM),712020:50a9dbea-7d83-4168-a51f-d8d9f5b04bf9,16/May/24 3:34 PM,15/Jun/24 8:13 AM,17/Jul/24 8:05 AM,16/May/24 3:48 PM,15/May/24 12:00 AM,0,,,Pham Anh Dung (K18 HCM),712020:50a9dbea-7d83-4168-a51f-d8d9f5b04bf9,,,,,,,,,,,,,,,,,,,,,,,,,,,,,,,,,,,{},,,,,,,,purple,,,0|i0006v:,,,,,1st Sprint,14/May/24 12:00 AM,,,,,,,,,,,,,10009_*:*_1_*:*_880915_*|*_10010_*:*_1_*:*_0,,,Done,16/May/24 3:48 PM
Determine screen flow,MS-6,10040,Task,Done,MS,N5_JS1802,software,Pham Anh Dung (K18 HCM),712020:50a9dbea-7d83-4168-a51f-d8d9f5b04bf9,,,High,Done,Pham Anh Dung (K18 HCM),712020:50a9dbea-7d83-4168-a51f-d8d9f5b04bf9,Pham Anh Dung (K18 HCM),712020:50a9dbea-7d83-4168-a51f-d8d9f5b04bf9,Pham Anh Dung (K18 HCM),712020:50a9dbea-7d83-4168-a51f-d8d9f5b04bf9,16/May/24 3:33 PM,15/Jun/24 8:13 AM,17/Jul/24 8:05 AM,16/May/24 3:48 PM,13/May/24 12:00 AM,0,,,Pham Anh Dung (K18 HCM),712020:50a9dbea-7d83-4168-a51f-d8d9f5b04bf9,,,,,,,,,,,,,,,,,,,,,,,,,,,,,,,,,,,{},,,,,,,,purple,,,0|i0006n:,,,,,1st Sprint,12/May/24 12:00 AM,,,,,,,,,,,,,10009_*:*_1_*:*_903600_*|*_10010_*:*_1_*:*_0,,,Done,16/May/24 3:48 PM
Draw business process diagram,MS-5,10039,Task,Done,MS,N5_JS1802,software,Pham Anh Dung (K18 HCM),712020:50a9dbea-7d83-4168-a51f-d8d9f5b04bf9,,,High,Done,Nguyen Van Huu Hien (K17 HCM),712020:85560a69-1c3d-48b0-a8d7-84d6e0e52516,Pham Anh Dung (K18 HCM),712020:50a9dbea-7d83-4168-a51f-d8d9f5b04bf9,Pham Anh Dung (K18 HCM),712020:50a9dbea-7d83-4168-a51f-d8d9f5b04bf9,16/May/24 3:33 PM,15/Jun/24 8:13 AM,17/Jul/24 8:05 AM,16/May/24 8:30 PM,11/May/24 12:00 AM,0,,,Pham Anh Dung (K18 HCM),712020:50a9dbea-7d83-4168-a51f-d8d9f5b04bf9,,,,,,,,,,,,,,,,,,,,,,,,,,,,,,,,,,,{},,,,,,,,purple,,,0|i0006f:,,,,,1st Sprint,10/May/24 12:00 AM,,,,,,,,,,,,,10009_*:*_1_*:*_928473_*|*_3_*:*_1_*:*_16899057_*|*_10010_*:*_1_*:*_0,,,Done,16/May/24 8:30 PM
Draw context diagram,MS-4,10038,Sub-task,Done,MS,N5_JS1802,software,Pham Anh Dung (K18 HCM),712020:50a9dbea-7d83-4168-a51f-d8d9f5b04bf9,,,High,Done,Pham Anh Dung (K18 HCM),712020:50a9dbea-7d83-4168-a51f-d8d9f5b04bf9,Pham Anh Dung (K18 HCM),712020:50a9dbea-7d83-4168-a51f-d8d9f5b04bf9,Pham Anh Dung (K18 HCM),712020:50a9dbea-7d83-4168-a51f-d8d9f5b04bf9,16/May/24 3:33 PM,15/Jun/24 8:22 AM,17/Jul/24 8:05 AM,16/May/24 3:48 PM,09/May/24 12:00 AM,0,,,Pham Anh Dung (K18 HCM),712020:50a9dbea-7d83-4168-a51f-d8d9f5b04bf9,,,,,,,,,,,,,,,,,,,,,,,,,,,,,,,,,,,{},,,,,,,,purple,,,0|i00067:,,,,,,08/May/24 12:00 AM,,,,,,,,,,,,,10009_*:*_1_*:*_926868_*|*_10010_*:*_1_*:*_0,10035,Project Planning + SRS,Done,16/May/24 3:48 PM
Determine major features,MS-3,10037,Sub-task,Done,MS,N5_JS1802,software,Pham Anh Dung (K18 HCM),712020:50a9dbea-7d83-4168-a51f-d8d9f5b04bf9,,,Highest,Done,Pham Anh Dung (K18 HCM),712020:50a9dbea-7d83-4168-a51f-d8d9f5b04bf9,Pham Anh Dung (K18 HCM),712020:50a9dbea-7d83-4168-a51f-d8d9f5b04bf9,Pham Anh Dung (K18 HCM),712020:50a9dbea-7d83-4168-a51f-d8d9f5b04bf9,16/May/24 3:32 PM,15/Jun/24 8:17 AM,17/Jul/24 8:05 AM,16/May/24 3:48 PM,07/May/24 12:00 AM,0,,,Pham Anh Dung (K18 HCM),712020:50a9dbea-7d83-4168-a51f-d8d9f5b04bf9,;16/May/24 4:02 PM;712020:50a9dbea-7d83-4168-a51f-d8d9f5b04bf9;28800,,0,28800,,,0,28800,,,,,,,,,,,,,,,,,,,,,,,,,,,{},,,,,,,,purple,,,0|i0005z:,,,,,,06/May/24 12:00 AM,,,,,,,,,,,,,10009_*:*_1_*:*_960838_*|*_10010_*:*_1_*:*_0,10035,Project Planning + SRS,Done,16/May/24 3:48 PM
ERD + Database Implement,MS-2,10036,Task,To Do,MS,N5_JS1802,software,Pham Anh Dung (K18 HCM),712020:50a9dbea-7d83-4168-a51f-d8d9f5b04bf9,,,Medium,,,,Pham Anh Dung (K18 HCM),712020:50a9dbea-7d83-4168-a51f-d8d9f5b04bf9,Pham Anh Dung (K18 HCM),712020:50a9dbea-7d83-4168-a51f-d8d9f5b04bf9,16/May/24 3:20 PM,15/Jun/24 8:13 AM,17/Jul/24 8:05 AM,,19/May/24 12:00 AM,0,,,Pham Anh Dung (K18 HCM),712020:50a9dbea-7d83-4168-a51f-d8d9f5b04bf9,,,,,,,,,,,,,,,,,,,,,,,,,,,,,,,,,,,{},ghx-label-7,,,ERD + Database Implement,To Do,,,purple,,,0|i0005r:,,,,,,12/May/24 12:00 AM,,,,,,,,,,,,,,,,To Do,16/May/24 3:20 PM
Project Planning + SRS,MS-1,10035,Task,To Do,MS,N5_JS1802,software,Pham Anh Dung (K18 HCM),712020:50a9dbea-7d83-4168-a51f-d8d9f5b04bf9,,,Medium,,Pham Anh Dung (K18 HCM),712020:50a9dbea-7d83-4168-a51f-d8d9f5b04bf9,Dung Pham,712020:caebf605-5dca-49a3-ad66-06ab966bf50a,Pham Anh Dung (K18 HCM),712020:50a9dbea-7d83-4168-a51f-d8d9f5b04bf9,10/May/24 2:46 PM,15/Jun/24 8:13 AM,17/Jul/24 8:05 AM,,16/May/24 12:00 AM,0,,,Pham Anh Dung (K18 HCM),712020:50a9dbea-7d83-4168-a51f-d8d9f5b04bf9,,,,,,,0,28800,,,,,,,,,,,,,,,,,,,,,,,,,,,{},ghx-label-7,,,Project Planning + SRS,To Do,,,purple,,,0|i0005j:,,,,,,06/May/24 12:00 AM,,,,,,,,,,,,,,,,To Do,10/May/24 2:46 PM
